trial,finish_day,finish_date
1,400.92500479342004,2027-10-19
2,390.2746311649036,2027-10-05
3,393.4569360990849,2027-10-08
4,384.4116842978462,2027-09-27
5,396.2115654451761,2027-10-13
6,386.6952285322381,2027-09-29
7,392.07375974650097,2027-10-07
8,391.69847870225215,2027-10-06
9,405.18692557764064,2027-10-26
10,398.227949082214,2027-10-15
11,392.6259135264031,2027-10-07
12,386.0540047343198,2027-09-29
13,389.6164974251545,2027-10-04
14,393.5557610153011,2027-10-08
15,386.6067769444641,2027-09-29
16,386.2824024261476,2027-09-29
17,393.0018113897086,2027-10-08
18,392.7276095872592,2027-10-07
19,394.3884047110659,2027-10-11
20,395.308409317525,2027-10-12
21,393.5174414903282,2027-10-08
22,395.17218982378597,2027-10-12
23,395.7927978150202,2027-10-12
24,390.61150825444423,2027-10-05
25,392.7544867917926,2027-10-07
26,391.2553254679226,2027-10-06
27,391.33374498368187,2027-10-06
28,395.5574213434794,2027-10-12
29,388.2847726002039,2027-10-01
30,390.15200669102,2027-10-05
31,388.1770588683377,2027-10-01
32,404.2816483192011,2027-10-25
33,390.0839175391825,2027-10-05
34,390.24664627819493,2027-10-05
35,388.7061023848837,2027-10-01
36,393.545758007836,2027-10-08
37,394.4413691377531,2027-10-11
38,392.1489998485578,2027-10-07
39,398.08204023476844,2027-10-15
40,394.60740449149415,2027-10-11
41,388.7210754387701,2027-10-01
42,388.963812770929,2027-10-01
43,396.55012397123386,2027-10-13
44,386.4219347412597,2027-09-29
45,389.6926108169324,2027-10-04
46,387.0489268008206,2027-09-30
47,386.0148423670604,2027-09-29
48,388.69882757969845,2027-10-01
49,392.29226714022394,2027-10-07
50,386.0607632185851,2027-09-29
51,393.6535369083172,2027-10-08
52,390.96123405511923,2027-10-05
53,409.75388615975976,2027-11-01
54,400.7452181107078,2027-10-19
55,389.967206427354,2027-10-04
56,388.63911536167495,2027-10-01
57,391.79493231903,2027-10-06
58,396.27345871539046,2027-10-13
59,396.9977626795069,2027-10-13
60,395.7232569622859,2027-10-12
61,397.19943087566537,2027-10-14
62,389.8926402202384,2027-10-04
63,394.6262968997632,2027-10-11
64,394.12926499838534,2027-10-11
65,396.52570667483286,2027-10-13
66,388.90169310883925,2027-10-01
67,400.7473588723938,2027-10-19
68,389.10739243603524,2027-10-04
69,394.42291138233236,2027-10-11
70,389.0555423830583,2027-10-04
71,389.6726574282447,2027-10-04
72,393.3290226215934,2027-10-08
73,394.4292257742044,2027-10-11
74,391.3388616521963,2027-10-06
75,397.60954715661813,2027-10-14
76,385.97068148075977,2027-09-28
77,393.8008434265049,2027-10-08
78,391.65501798203144,2027-10-06
79,399.9473884563299,2027-10-18
80,393.13063473199105,2027-10-08
81,394.9635648531175,2027-10-11
82,390.3088107413839,2027-10-05
83,392.50568688096934,2027-10-07
84,399.7590678187232,2027-10-18
85,396.12877470403475,2027-10-13
86,396.3437424889339,2027-10-13
87,390.1076776099998,2027-10-05
88,388.1151963831459,2027-10-01
89,390.7966527227209,2027-10-05
90,383.4745785036567,2027-09-24
91,388.05080788514346,2027-10-01
92,393.69530843293313,2027-10-08
93,392.33391159484864,2027-10-07
94,397.2985842315937,2027-10-14
95,389.18255013849,2027-10-04
96,395.9487567103912,2027-10-12
97,393.2293262963349,2027-10-08
98,396.5472342167869,2027-10-13
99,386.88049828367036,2027-09-29
100,398.35329894396745,2027-10-15
101,406.57345305635664,2027-10-27
102,400.02266178810527,2027-10-19
103,397.3706663520765,2027-10-14
104,399.2396313164772,2027-10-18
105,395.45993971308627,2027-10-12
106,392.53672810002314,2027-10-07
107,395.0144924808255,2027-10-12
108,388.31992367673115,2027-10-01
109,386.7985859358666,2027-09-29
110,390.42949478347936,2027-10-05
111,387.27273687276187,2027-09-30
112,385.443536637588,2027-09-28
113,402.6859430653229,2027-10-21
114,393.59055621792857,2027-10-08
115,390.6103624376729,2027-10-05
116,390.6061577991422,2027-10-05
117,392.6393247783137,2027-10-07
118,391.13668255719165,2027-10-06
119,382.47549097670304,2027-09-23
120,390.49101420877133,2027-10-05
121,393.87028397111163,2027-10-08
122,391.32725127625014,2027-10-06
123,390.240981346916,2027-10-05
124,391.2483031657847,2027-10-06
125,390.882029002449,2027-10-05
126,393.5744603701685,2027-10-08
127,388.77633661549567,2027-10-01
128,393.0672126170133,2027-10-08
129,391.4957444252546,2027-10-06
130,389.7695863622605,2027-10-04
131,390.6424430432694,2027-10-05
132,387.77384753485296,2027-09-30
133,395.05552368677695,2027-10-12
134,396.41276060438804,2027-10-13
135,393.8299221707676,2027-10-08
136,393.7601296885693,2027-10-08
137,395.11386388651414,2027-10-12
138,389.68972872759906,2027-10-04
139,393.1454621141488,2027-10-08
140,392.21624405295773,2027-10-07
141,392.5370360229879,2027-10-07
142,400.7066206703905,2027-10-19
143,389.8305045473575,2027-10-04
144,388.8783131261161,2027-10-01
145,393.57291089406624,2027-10-08
146,388.4784259359229,2027-10-01
147,397.0785261599521,2027-10-14
148,416.9683939290673,2027-11-10
149,394.18484501437706,2027-10-11
150,397.50083279443453,2027-10-14
151,400.9047480463284,2027-10-19
152,386.746885357198,2027-09-29
153,391.0524869903155,2027-10-06
154,393.8444040102327,2027-10-08
155,401.6360204596535,2027-10-20
156,388.52097873997127,2027-10-01
157,399.6468371534681,2027-10-18
158,396.41110230534093,2027-10-13
159,396.78164900781104,2027-10-13
160,390.38838736204156,2027-10-05
161,393.09169652243276,2027-10-08
162,388.97758358612913,2027-10-01
163,389.9203937981374,2027-10-04
164,400.1803135972033,2027-10-19
165,393.8539181027577,2027-10-08
166,389.6945324237861,2027-10-04
167,393.3798337653519,2027-10-08
168,394.5152156637264,2027-10-11
169,385.8311747838372,2027-09-28
170,386.49712467051125,2027-09-29
171,392.7198427620517,2027-10-07
172,394.8226858897676,2027-10-11
173,390.65526284304946,2027-10-05
174,391.34284049209543,2027-10-06
175,395.07067812380996,2027-10-12
176,392.58666071729215,2027-10-07
177,402.11938726422613,2027-10-21
178,382.908620825963,2027-09-23
179,393.4966620580816,2027-10-08
180,389.32879262464115,2027-10-04
181,386.32469652425044,2027-09-29
182,389.96817993824044,2027-10-04
183,387.8419822907776,2027-09-30
184,398.1067481775519,2027-10-15
185,385.80159409295715,2027-09-28
186,393.5833875595365,2027-10-08
187,388.2969730709922,2027-10-01
188,385.9233698101649,2027-09-28
189,400.4249583990221,2027-10-19
190,394.149995541819,2027-10-11
191,397.0462994287377,2027-10-14
192,396.094904378645,2027-10-13
193,396.5717352654448,2027-10-13
194,395.3604441851997,2027-10-12
195,394.5203627120557,2027-10-11
196,395.71975102844027,2027-10-12
197,394.54867961652735,2027-10-11
198,385.8410229918217,2027-09-28
199,395.1480303744652,2027-10-12
200,394.74869028386223,2027-10-11
201,396.4203251971951,2027-10-13
202,397.5248808963235,2027-10-14
203,395.55476708557455,2027-10-12
204,386.3776967231283,2027-09-29
205,391.2059081288528,2027-10-06
206,389.15688869476554,2027-10-04
207,397.98447716169255,2027-10-14
208,395.89807243511973,2027-10-12
209,391.1055861769418,2027-10-06
210,389.88550348685516,2027-10-04
211,397.34797162151915,2027-10-14
212,398.63598091076324,2027-10-15
213,404.386937417949,2027-10-25
214,390.3484841098072,2027-10-05
215,391.8654707904395,2027-10-06
216,395.49200674554373,2027-10-12
217,395.8959524927077,2027-10-12
218,393.2651976528438,2027-10-08
219,394.5851081464439,2027-10-11
220,396.8427592024112,2027-10-13
221,391.4088556685133,2027-10-06
222,388.8732709170156,2027-10-01
223,388.1837977401367,2027-10-01
224,391.42940558813575,2027-10-06
225,397.8354390888869,2027-10-14
226,384.67140538986126,2027-09-27
227,394.16989824570726,2027-10-11
228,388.1401119505784,2027-10-01
229,392.0119768040176,2027-10-07
230,400.0992199189571,2027-10-19
231,395.544398395127,2027-10-12
232,390.72459195840247,2027-10-05
233,395.39053080118885,2027-10-12
234,390.9356944225393,2027-10-05
235,395.28548472978537,2027-10-12
236,394.4365452730752,2027-10-11
237,389.2245265291202,2027-10-04
238,392.69266936159545,2027-10-07
239,403.0012408055799,2027-10-22
240,390.1401685527133,2027-10-05
241,396.5794300902037,2027-10-13
242,399.5348704177168,2027-10-18
243,404.3715347554114,2027-10-25
244,387.7498367291197,2027-09-30
245,389.60245089412956,2027-10-04
246,384.2226334240898,2027-09-27
247,401.1838882394197,2027-10-20
248,397.54938840127045,2027-10-14
249,392.67037015215146,2027-10-07
250,397.3573555110589,2027-10-14
251,394.1428892380945,2027-10-11
252,403.1738546532,2027-10-22
253,399.73175063806474,2027-10-18
254,388.59827716401054,2027-10-01
255,395.18993977631146,2027-10-12
256,394.9270979203787,2027-10-11
257,390.9960336786959,2027-10-05
258,391.60053081318347,2027-10-06
259,410.74509595494277,2027-11-02
260,388.51846812336527,2027-10-01
261,390.0316389477336,2027-10-05
262,383.24012507787194,2027-09-24
263,389.3274782380833,2027-10-04
264,401.31629761552375,2027-10-20
265,390.0507565922299,2027-10-05
266,383.4685385277116,2027-09-24
267,394.7736300880876,2027-10-11
268,394.7586124489395,2027-10-11
269,399.286594582474,2027-10-18
270,392.27438981423575,2027-10-07
271,395.9585239906395,2027-10-12
272,391.1882936311988,2027-10-06
273,393.7857178264081,2027-10-08
274,389.6492707136689,2027-10-04
275,399.09146263921247,2027-10-18
276,394.79240750942336,2027-10-11
277,392.0834380437523,2027-10-07
278,391.1114911482686,2027-10-06
279,400.2609722341131,2027-10-19
280,391.66194693832904,2027-10-06
281,394.2551538155974,2027-10-11
282,389.3576701097786,2027-10-04
283,401.21549554731854,2027-10-20
284,387.28186696756234,2027-09-30
285,390.6659653624051,2027-10-05
286,390.85108173265326,2027-10-05
287,397.243559168258,2027-10-14
288,391.1245155304,2027-10-06
289,400.97765032684276,2027-10-19
290,398.02863769366394,2027-10-15
291,394.4376434055846,2027-10-11
292,397.7437473496492,2027-10-14
293,395.14681530164256,2027-10-12
294,401.7094743694523,2027-10-20
295,398.96268364570545,2027-10-15
296,391.36398647483963,2027-10-06
297,393.80970861235426,2027-10-08
298,398.6892730624549,2027-10-15
299,400.3595668382597,2027-10-19
300,388.845413663714,2027-10-01
301,391.3350228257191,2027-10-06
302,395.4710730236022,2027-10-12
303,391.28800531122874,2027-10-06
304,389.6690675962611,2027-10-04
305,390.55701267381653,2027-10-05
306,393.8753433455225,2027-10-08
307,393.61638237604734,2027-10-08
308,393.9720853372603,2027-10-08
309,390.55045508628274,2027-10-05
310,396.666817442596,2027-10-13
311,389.88080402154935,2027-10-04
312,404.26617820683026,2027-10-25
313,390.21518251091294,2027-10-05
314,394.78331806030565,2027-10-11
315,393.63433977787247,2027-10-08
316,398.3939511758853,2027-10-15
317,395.93635210033574,2027-10-12
318,397.41664016219715,2027-10-14
319,392.63486688502405,2027-10-07
320,396.5599316582263,2027-10-13
321,407.06842529081115,2027-10-28
322,391.52041458131487,2027-10-06
323,389.03694679473347,2027-10-04
324,386.53870495823804,2027-09-29
325,397.1404162146745,2027-10-14
326,387.5771120319498,2027-09-30
327,394.6006876021853,2027-10-11
328,394.7948396820864,2027-10-11
329,396.59206652945716,2027-10-13
330,392.68364212142455,2027-10-07
331,390.0133395785091,2027-10-05
332,406.34055481726125,2027-10-27
333,395.8258726463434,2027-10-12
334,397.1902018089911,2027-10-14
335,385.60118573669877,2027-09-28
336,392.64977266056843,2027-10-07
337,407.217348458034,2027-10-28
338,392.6894621045427,2027-10-07
339,392.85255481190484,2027-10-07
340,391.39496632596564,2027-10-06
341,400.7504559466405,2027-10-19
342,396.2366513967064,2027-10-13
343,403.4422678773847,2027-10-22
344,392.5537932960378,2027-10-07
345,402.7349217420024,2027-10-21
346,396.0860213132598,2027-10-13
347,389.807472410014,2027-10-04
348,394.42871897220334,2027-10-11
349,394.08543148479504,2027-10-11
350,393.0927761318883,2027-10-08
351,393.6128060643346,2027-10-08
352,387.9815876596523,2027-09-30
353,398.4182529549009,2027-10-15
354,395.6296007368472,2027-10-12
355,392.8129944009912,2027-10-07
356,399.8349855462555,2027-10-18
357,393.7009179466476,2027-10-08
358,397.77817387538164,2027-10-14
359,395.18593386791093,2027-10-12
360,391.2921794178148,2027-10-06
361,393.661652273996,2027-10-08
362,398.1727391445104,2027-10-15
363,395.258942681781,2027-10-12
364,390.5809275900185,2027-10-05
365,400.7675688816593,2027-10-19
366,386.66451403088246,2027-09-29
367,393.017195890934,2027-10-08
368,390.4492810165916,2027-10-05
369,401.25249039573015,2027-10-20
370,385.0627556775681,2027-09-28
371,399.77019717615286,2027-10-18
372,404.7918584214851,2027-10-25
373,394.2093323050294,2027-10-11
374,394.55076341588585,2027-10-11
375,397.63941346159675,2027-10-14
376,390.8949193067391,2027-10-05
377,402.30060621039337,2027-10-21
378,400.50682752880795,2027-10-19
379,401.9812254422555,2027-10-20
380,392.26291200321555,2027-10-07
381,392.8628120920353,2027-10-07
382,395.16904681709576,2027-10-12
383,406.3334249933876,2027-10-27
384,384.81657172616445,2027-09-27
385,394.86451203485564,2027-10-11
386,399.1578966831087,2027-10-18
387,398.7470291575975,2027-10-15
388,394.57834942387956,2027-10-11
389,399.6144680235077,2027-10-18
390,386.6203441324489,2027-09-29
391,399.36909967105817,2027-10-18
392,393.2013303624551,2027-10-08
393,388.71919011075175,2027-10-01
394,392.68747542037187,2027-10-07
395,385.2787734693905,2027-09-28
396,389.9331314254095,2027-10-04
397,394.04074037275944,2027-10-11
398,390.610116258977,2027-10-05
399,390.0465996121468,2027-10-05
400,393.44061071228435,2027-10-08
401,394.2789993756159,2027-10-11
402,394.5894393470632,2027-10-11
403,390.6340829509654,2027-10-05
404,401.1622863362733,2027-10-20
405,395.64693971382104,2027-10-12
406,391.9111942341726,2027-10-06
407,400.44429551065684,2027-10-19
408,391.9731804554339,2027-10-06
409,392.16971441434333,2027-10-07
410,391.40201577389325,2027-10-06
411,396.3046654779251,2027-10-13
412,388.87967490367225,2027-10-01
413,396.9072738104436,2027-10-13
414,395.889680545572,2027-10-12
415,404.2899533960593,2027-10-25
416,390.58007765846514,2027-10-05
417,393.45782819338507,2027-10-08
418,389.13049977696875,2027-10-04
419,394.41341931950734,2027-10-11
420,390.5314287624981,2027-10-05
421,388.79945988448316,2027-10-01
422,395.7642438634901,2027-10-12
423,394.7457846315206,2027-10-11
424,391.11209474610706,2027-10-06
425,395.400250121988,2027-10-12
426,393.33853547735777,2027-10-08
427,392.07640682261587,2027-10-07
428,400.0488148375501,2027-10-19
429,396.84657643340745,2027-10-13
430,389.9587819583515,2027-10-04
431,390.53589432469226,2027-10-05
432,399.9496171350891,2027-10-18
433,391.23423511097695,2027-10-06
434,400.8793507374353,2027-10-19
435,402.75724911766133,2027-10-21
436,393.9589707475736,2027-10-08
437,383.3895626755088,2027-09-24
438,393.3317999559953,2027-10-08
439,390.16745003725936,2027-10-05
440,393.71836591676765,2027-10-08
441,397.8263796001536,2027-10-14
442,394.9617397998248,2027-10-11
443,400.63527250479683,2027-10-19
444,394.89252249989795,2027-10-11
445,391.93414741675696,2027-10-06
446,393.8628624786052,2027-10-08
447,398.04222365206203,2027-10-15
448,392.84319759068154,2027-10-07
449,396.66820465870813,2027-10-13
450,395.4489775622405,2027-10-12
451,395.9077548541819,2027-10-12
452,385.1751671483503,2027-09-28
453,388.95963910949934,2027-10-01
454,392.2779042558705,2027-10-07
455,400.58613513022414,2027-10-19
456,387.908652644957,2027-09-30
457,395.38828654268303,2027-10-12
458,401.951296831307,2027-10-20
459,393.7738740004613,2027-10-08
460,391.25657803860383,2027-10-06
461,385.846107671631,2027-09-28
462,389.2817246176776,2027-10-04
463,400.6885424309651,2027-10-19
464,392.37532230769114,2027-10-07
465,400.5440717148385,2027-10-19
466,391.93743834061013,2027-10-06
467,388.51512663172207,2027-10-01
468,394.6495904941656,2027-10-11
469,396.1106861918175,2027-10-13
470,394.80424843679464,2027-10-11
471,389.34643759294005,2027-10-04
472,388.1283888757324,2027-10-01
473,394.47301871226796,2027-10-11
474,396.03428859948355,2027-10-13
475,398.2850532268651,2027-10-15
476,388.54911984389213,2027-10-01
477,398.2033035236433,2027-10-15
478,386.14133080360875,2027-09-29
479,397.36992570797366,2027-10-14
480,396.1361581920464,2027-10-13
481,399.57955613907546,2027-10-18
482,394.0867752959094,2027-10-11
483,394.49585587766086,2027-10-11
484,398.27829059817003,2027-10-15
485,390.2903022308336,2027-10-05
486,385.02310155123797,2027-09-28
487,393.0076341937116,2027-10-08
488,386.8401876019324,2027-09-29
489,395.4575251102967,2027-10-12
490,399.1156841303431,2027-10-18
491,401.3624954399582,2027-10-20
492,401.9272426400442,2027-10-20
493,401.94746298563444,2027-10-20
494,392.4981230875105,2027-10-07
495,388.9467033431189,2027-10-01
496,392.4674813023378,2027-10-07
497,389.90339006144745,2027-10-04
498,393.72670882670883,2027-10-08
499,394.2243656073076,2027-10-11
500,390.24817428154404,2027-10-05
501,399.6522965630618,2027-10-18
502,392.24212759908085,2027-10-07
503,386.6818076626831,2027-09-29
504,392.0754960179939,2027-10-07
505,393.14824992603405,2027-10-08
506,393.2120902654286,2027-10-08
507,400.81646771587293,2027-10-19
508,397.95909555123797,2027-10-14
509,390.8188687951059,2027-10-05
510,396.00383696387337,2027-10-13
511,394.06488788042446,2027-10-11
512,391.5309550868136,2027-10-06
513,390.07314575221847,2027-10-05
514,398.23831513177146,2027-10-15
515,392.2664391354529,2027-10-07
516,395.286125222507,2027-10-12
517,395.1338770769728,2027-10-12
518,404.242455761749,2027-10-25
519,404.25188715083743,2027-10-25
520,393.2972990382962,2027-10-08
521,391.6299660193301,2027-10-06
522,392.2208285461096,2027-10-07
523,404.02646974201417,2027-10-25
524,393.72542545949034,2027-10-08
525,396.7787712047179,2027-10-13
526,393.8991632329106,2027-10-08
527,396.67187902349895,2027-10-13
528,399.27427126402483,2027-10-18
529,391.2406015893621,2027-10-06
530,398.84756441433285,2027-10-15
531,391.8826598097702,2027-10-06
532,385.6793578455507,2027-09-28
533,392.57050670612455,2027-10-07
534,398.5886005997908,2027-10-15
535,391.65431107577393,2027-10-06
536,387.9052567142542,2027-09-30
537,393.0018031987529,2027-10-08
538,392.4258074011139,2027-10-07
539,388.8877902121911,2027-10-01
540,390.5479597127456,2027-10-05
541,391.28086346698524,2027-10-06
542,391.78009725374113,2027-10-06
543,388.0359002173255,2027-10-01
544,390.2755958345422,2027-10-05
545,391.1351242490511,2027-10-06
546,386.74689349948363,2027-09-29
547,390.68721996481037,2027-10-05
548,392.7188889515902,2027-10-07
549,392.9228398396574,2027-10-07
550,401.37408671199967,2027-10-20
551,389.54305484724904,2027-10-04
552,394.81934762135455,2027-10-11
553,398.5636545608024,2027-10-15
554,395.1171495477278,2027-10-12
555,400.98750354099616,2027-10-19
556,396.7930300776024,2027-10-13
557,388.9770030226049,2027-10-01
558,389.88621631361934,2027-10-04
559,390.9948912128112,2027-10-05
560,388.65773239359635,2027-10-01
561,394.3850356479173,2027-10-11
562,398.69469013424725,2027-10-15
563,395.76809285914675,2027-10-12
564,391.30618236923823,2027-10-06
565,395.44934195448445,2027-10-12
566,390.99819193513787,2027-10-05
567,391.40296834901983,2027-10-06
568,388.4837170296766,2027-10-01
569,397.4216708587651,2027-10-14
570,394.00416538182844,2027-10-11
571,394.9086780885666,2027-10-11
572,389.7127924788538,2027-10-04
573,401.18379183667895,2027-10-20
574,391.83096248812825,2027-10-06
575,389.1278592885932,2027-10-04
576,394.89785703446614,2027-10-11
577,389.6730929852272,2027-10-04
578,396.40865747970224,2027-10-13
579,382.011127763878,2027-09-23
580,387.8712919341989,2027-09-30
581,391.7349398382097,2027-10-06
582,396.22102174333935,2027-10-13
583,392.24583247988505,2027-10-07
584,388.9997062666927,2027-10-01
585,385.4840056069155,2027-09-28
586,390.58882298439306,2027-10-05
587,392.49995222463633,2027-10-07
588,397.48896107513383,2027-10-14
589,403.09046843210234,2027-10-22
590,393.72213848813834,2027-10-08
591,391.03391371970906,2027-10-06
592,395.03205077849975,2027-10-12
593,392.715198234471,2027-10-07
594,396.7838583248227,2027-10-13
595,391.78812017987764,2027-10-06
596,394.9912034174349,2027-10-11
597,387.91489879537977,2027-09-30
598,401.1980529337596,2027-10-20
599,390.33757730101826,2027-10-05
600,395.67438307894287,2027-10-12
601,393.9457347052867,2027-10-08
602,391.37280837722216,2027-10-06
603,384.21377906387085,2027-09-27
604,395.66557411375004,2027-10-12
605,390.0876227817011,2027-10-05
606,392.00107482272443,2027-10-07
607,392.43467786843144,2027-10-07
608,393.6107768044937,2027-10-08
609,389.803723791045,2027-10-04
610,392.5601660894014,2027-10-07
611,393.090972867446,2027-10-08
612,391.00499218689896,2027-10-06
613,394.9427615397599,2027-10-11
614,392.23331753626593,2027-10-07
615,394.2666880618894,2027-10-11
616,395.07015193419494,2027-10-12
617,386.26668705268077,2027-09-29
618,394.5886604740888,2027-10-11
619,390.9064607656245,2027-10-05
620,394.8692172202697,2027-10-11
621,388.0187425583652,2027-10-01
622,391.9458866484684,2027-10-06
623,391.8776331490537,2027-10-06
624,394.31083811829353,2027-10-11
625,397.5231983441618,2027-10-14
626,395.32185370234316,2027-10-12
627,398.57182196716616,2027-10-15
628,391.73004278138586,2027-10-06
629,390.4895478941136,2027-10-05
630,393.0893877244642,2027-10-08
631,391.00787725589345,2027-10-06
632,391.31976834019997,2027-10-06
633,394.7130213034657,2027-10-11
634,386.04923083334313,2027-09-29
635,394.8990792139558,2027-10-11
636,393.22237757605427,2027-10-08
637,395.3570698493902,2027-10-12
638,392.72865701754057,2027-10-07
639,393.78786997378927,2027-10-08
640,408.1247896631298,2027-10-29
641,390.01498862645894,2027-10-05
642,395.14529218272634,2027-10-12
643,388.39422797874823,2027-10-01
644,390.3826812120265,2027-10-05
645,394.32720481899423,2027-10-11
646,390.75351558724157,2027-10-05
647,397.9948475722849,2027-10-14
648,386.5425987886261,2027-09-29
649,399.74709804009456,2027-10-18
650,396.2363626609221,2027-10-13
651,398.169022714978,2027-10-15
652,389.56582521905386,2027-10-04
653,391.25039973978977,2027-10-06
654,400.3907968175524,2027-10-19
655,396.9401506277155,2027-10-13
656,396.566387377428,2027-10-13
657,389.1388230756714,2027-10-04
658,388.6081010552934,2027-10-01
659,391.4399508515598,2027-10-06
660,398.82709911425286,2027-10-15
661,394.266962188453,2027-10-11
662,406.2906538568213,2027-10-27
663,385.55075022223565,2027-09-28
664,391.284892349947,2027-10-06
665,391.9305077828112,2027-10-06
666,392.1341868172804,2027-10-07
667,388.68274423226575,2027-10-01
668,390.2189822415495,2027-10-05
669,396.2694180562608,2027-10-13
670,390.766215276528,2027-10-05
671,395.1692334750629,2027-10-12
672,394.5668975573735,2027-10-11
673,394.5712314898914,2027-10-11
674,391.107286975148,2027-10-06
675,391.2090861546771,2027-10-06
676,402.06552083751905,2027-10-21
677,398.41243799645906,2027-10-15
678,388.5674317960523,2027-10-01
679,387.6117134512144,2027-09-30
680,391.6298586543459,2027-10-06
681,400.2285624189875,2027-10-19
682,399.67973445661494,2027-10-18
683,400.4051438275577,2027-10-19
684,386.6191139163517,2027-09-29
685,395.52203837829796,2027-10-12
686,391.35829193862503,2027-10-06
687,395.85531009113333,2027-10-12
688,400.5233443794747,2027-10-19
689,399.6078912097062,2027-10-18
690,393.3659252962829,2027-10-08
691,391.0462803581867,2027-10-06
692,393.3605062309043,2027-10-08
693,390.6772925809929,2027-10-05
694,390.40735025757454,2027-10-05
695,398.6016052434807,2027-10-15
696,390.25845741165614,2027-10-05
697,390.36263997338017,2027-10-05
698,400.22086502242405,2027-10-19
699,389.75191685673985,2027-10-04
700,394.06876728557205,2027-10-11
701,390.7277969051599,2027-10-05
702,385.2639015409801,2027-09-28
703,398.9626288463729,2027-10-15
704,387.5666904334725,2027-09-30
705,389.8786961365893,2027-10-04
706,398.2314604091672,2027-10-15
707,398.3575657843438,2027-10-15
708,392.9156896658037,2027-10-07
709,388.8601332013771,2027-10-01
710,397.50810651450035,2027-10-14
711,390.2781971570676,2027-10-05
712,402.0138932856686,2027-10-21
713,390.88189077973016,2027-10-05
714,383.031832915034,2027-09-24
715,391.0189331134412,2027-10-06
716,392.55016636480144,2027-10-07
717,393.83279394344913,2027-10-08
718,395.88884516143133,2027-10-12
719,395.767359382164,2027-10-12
720,387.4298560711512,2027-09-30
721,396.546814611385,2027-10-13
722,387.70786215622996,2027-09-30
723,396.7763331913735,2027-10-13
724,406.7869216849437,2027-10-27
725,394.80277321761344,2027-10-11
726,399.8888246492372,2027-10-18
727,393.3983290571541,2027-10-08
728,396.29012372497436,2027-10-13
729,396.9476469736397,2027-10-13
730,391.80438171324414,2027-10-06
731,392.11142103601463,2027-10-07
732,386.804885292247,2027-09-29
733,386.10194751742114,2027-09-29
734,396.86810478697066,2027-10-13
735,393.5621459099282,2027-10-08
736,397.29827997838464,2027-10-14
737,391.90107513501795,2027-10-06
738,391.1159229164814,2027-10-06
739,393.99373091703785,2027-10-08
740,402.3123112530411,2027-10-21
741,395.3115868895711,2027-10-12
742,410.66514456152095,2027-11-02
743,395.7585038771823,2027-10-12
744,392.6675651850004,2027-10-07
745,397.0246761585704,2027-10-14
746,387.26185227100837,2027-09-30
747,398.0395455139302,2027-10-15
748,392.1385998119719,2027-10-07
749,395.7981157934952,2027-10-12
750,392.5940088974242,2027-10-07
751,400.5808208314687,2027-10-19
752,394.13530128917665,2027-10-11
753,398.19924104130246,2027-10-15
754,403.87740599453076,2027-10-22
755,396.1788258845197,2027-10-13
756,388.74982895771757,2027-10-01
757,392.5022594247375,2027-10-07
758,394.8734858217096,2027-10-11
759,402.47017947494015,2027-10-21
760,403.1070300634188,2027-10-22
761,385.92494658162934,2027-09-28
762,393.07106126303955,2027-10-08
763,390.97757860018623,2027-10-05
764,395.5194046231593,2027-10-12
765,399.31339619953513,2027-10-18
766,399.15686722763337,2027-10-18
767,392.91559500694063,2027-10-07
768,397.31904599071186,2027-10-14
769,407.1462989960262,2027-10-28
770,390.20636673737135,2027-10-05
771,400.25080299559505,2027-10-19
772,390.69656452546513,2027-10-05
773,392.9449503561707,2027-10-07
774,391.2492121803537,2027-10-06
775,387.89806730334186,2027-09-30
776,398.5237714763013,2027-10-15
777,395.2877700065813,2027-10-12
778,393.4665239112769,2027-10-08
779,392.3126491599776,2027-10-07
780,404.9260739500427,2027-10-25
781,398.45819059227244,2027-10-15
782,385.06796174338984,2027-09-28
783,390.16218503419543,2027-10-05
784,397.24338416247275,2027-10-14
785,394.84736868114334,2027-10-11
786,394.687550307954,2027-10-11
787,390.44657495394637,2027-10-05
788,386.9904299372854,2027-09-29
789,395.9244585096754,2027-10-12
790,400.68582945597655,2027-10-19
791,400.49244273798587,2027-10-19
792,389.3395103910177,2027-10-04
793,392.1628561539803,2027-10-07
794,390.46842919632365,2027-10-05
795,393.4749054278432,2027-10-08
796,396.89230861719506,2027-10-13
797,392.4993139614062,2027-10-07
798,390.9299358344656,2027-10-05
799,389.48632971294,2027-10-04
800,394.9076872391429,2027-10-11
801,390.3107161891533,2027-10-05
802,389.4181379170841,2027-10-04
803,399.99676489064876,2027-10-18
804,388.6370005713819,2027-10-01
805,389.73399409905835,2027-10-04
806,391.19416011426534,2027-10-06
807,388.1254583821851,2027-10-01
808,385.32076978891996,2027-09-28
809,384.99661469857193,2027-09-27
810,383.01605921182676,2027-09-24
811,393.31560726590635,2027-10-08
812,392.5379960026223,2027-10-07
813,397.60523846785776,2027-10-14
814,384.2047491303377,2027-09-27
815,385.8650035188523,2027-09-28
816,404.98077810095026,2027-10-25
817,391.19899036754396,2027-10-06
818,382.71001987697497,2027-09-23
819,389.31767047026136,2027-10-04
820,387.8389253057025,2027-09-30
821,384.6400895798226,2027-09-27
822,402.3636248089381,2027-10-21
823,400.41480943493633,2027-10-19
824,391.9669531764605,2027-10-06
825,389.74407705541506,2027-10-04
826,406.30691888993556,2027-10-27
827,394.02202476936594,2027-10-11
828,400.277569005302,2027-10-19
829,392.79598904694654,2027-10-07
830,394.9246748431047,2027-10-11
831,399.8481179707869,2027-10-18
832,406.31049359126905,2027-10-27
833,390.3314754632857,2027-10-05
834,403.9781903880486,2027-10-22
835,384.5996142070921,2027-09-27
836,397.1467663962305,2027-10-14
837,402.4600630356806,2027-10-21
838,387.85232496993797,2027-09-30
839,392.2670080658511,2027-10-07
840,389.08796857042637,2027-10-04
841,394.179688371059,2027-10-11
842,383.74365567016986,2027-09-24
843,403.577488268873,2027-10-22
844,389.6998503666517,2027-10-04
845,389.8103963622666,2027-10-04
846,393.29464324035706,2027-10-08
847,394.67896959712306,2027-10-11
848,399.422182826377,2027-10-18
849,393.75402169553956,2027-10-08
850,390.00459048586566,2027-10-05
851,391.0076091983055,2027-10-06
852,388.12975885292366,2027-10-01
853,394.3200754702584,2027-10-11
854,398.5948372496145,2027-10-15
855,397.7673779729247,2027-10-14
856,391.24956257470717,2027-10-06
857,389.87724001334857,2027-10-04
858,388.03733851249126,2027-10-01
859,398.9775987723995,2027-10-15
860,390.9830673535862,2027-10-05
861,385.729146914877,2027-09-28
862,393.4091011758503,2027-10-08
863,400.942216914408,2027-10-19
864,398.69673274753563,2027-10-15
865,392.24361176306684,2027-10-07
866,388.60269076434986,2027-10-01
867,396.73975638429954,2027-10-13
868,396.50317404939034,2027-10-13
869,394.4414577576079,2027-10-11
870,390.5111803711847,2027-10-05
871,400.15029582436347,2027-10-19
872,392.9257483719585,2027-10-07
873,402.2693528521992,2027-10-21
874,394.7219941654857,2027-10-11
875,400.2232087269071,2027-10-19
876,390.4313781147398,2027-10-05
877,391.5319798493325,2027-10-06
878,386.45847564592793,2027-09-29
879,393.3584283066539,2027-10-08
880,384.303699818816,2027-09-27
881,394.21737028768905,2027-10-11
882,389.46130545238435,2027-10-04
883,402.74829239927305,2027-10-21
884,390.8448768845841,2027-10-05
885,392.60379391308487,2027-10-07
886,411.13682465665806,2027-11-03
887,389.7755007211913,2027-10-04
888,395.96597315382706,2027-10-12
889,391.6226879495573,2027-10-06
890,396.4858149591534,2027-10-13
891,385.5091732169476,2027-09-28
892,392.41730851578905,2027-10-07
893,389.71870362590994,2027-10-04
894,401.34016819032956,2027-10-20
895,391.76365256554186,2027-10-06
896,388.62284136336314,2027-10-01
897,389.3657715644022,2027-10-04
898,395.67893076809116,2027-10-12
899,394.13409483676355,2027-10-11
900,396.8947607454072,2027-10-13
901,393.20206602393176,2027-10-08
902,384.57161556926974,2027-09-27
903,391.29003053424515,2027-10-06
904,393.9660831634301,2027-10-08
905,394.5410649355724,2027-10-11
906,404.20081770053577,2027-10-25
907,388.8412619025554,2027-10-01
908,383.62818013181374,2027-09-24
909,391.84864024078445,2027-10-06
910,395.1436469585959,2027-10-12
911,396.8538581198919,2027-10-13
912,392.2979300052059,2027-10-07
913,391.61103646184154,2027-10-06
914,384.90638058792405,2027-09-27
915,400.9391639956899,2027-10-19
916,391.0284439656506,2027-10-06
917,386.84895483826904,2027-09-29
918,397.41757671936926,2027-10-14
919,387.1642656079623,2027-09-30
920,391.77587447388936,2027-10-06
921,394.01412957576315,2027-10-11
922,398.6134220266492,2027-10-15
923,392.89879586800777,2027-10-07
924,390.11962804896586,2027-10-05
925,393.2419665915588,2027-10-08
926,391.70556276241706,2027-10-06
927,398.74831101967106,2027-10-15
928,393.12341778073505,2027-10-08
929,390.26763486044655,2027-10-05
930,392.2561597194916,2027-10-07
931,391.00048663694383,2027-10-06
932,392.1872462160147,2027-10-07
933,395.93251919734655,2027-10-12
934,394.6390659207242,2027-10-11
935,389.77404242179637,2027-10-04
936,413.1898529197264,2027-11-05
937,386.3396262966382,2027-09-29
938,393.2883774183577,2027-10-08
939,396.67301352183824,2027-10-13
940,388.94265704286295,2027-10-01
941,396.00929860767764,2027-10-13
942,390.14946057381724,2027-10-05
943,397.1026341112179,2027-10-14
944,404.9628841119742,2027-10-25
945,395.1240546962743,2027-10-12
946,392.8581614218094,2027-10-07
947,397.4188935409416,2027-10-14
948,398.37973190361936,2027-10-15
949,383.429506404575,2027-09-24
950,389.54849063518816,2027-10-04
951,393.6374734839291,2027-10-08
952,391.1837079394305,2027-10-06
953,394.6282382137856,2027-10-11
954,390.7524526112339,2027-10-05
955,392.3814345445918,2027-10-07
956,389.48854515840765,2027-10-04
957,398.14831946155715,2027-10-15
958,393.09565578685977,2027-10-08
959,399.96362641939083,2027-10-18
960,396.996320411253,2027-10-13
961,396.1412083444243,2027-10-13
962,398.5597690002321,2027-10-15
963,389.6626042431512,2027-10-04
964,396.6775395586578,2027-10-13
965,398.4534348004153,2027-10-15
966,391.4016702084339,2027-10-06
967,401.5546237584398,2027-10-20
968,402.47101456405994,2027-10-21
969,400.17481260740163,2027-10-19
970,401.40783149317394,2027-10-20
971,394.9697988128346,2027-10-11
972,391.5681040187896,2027-10-06
973,398.7439713117809,2027-10-15
974,396.94187890806404,2027-10-13
975,394.3432347005933,2027-10-11
976,395.58572071786654,2027-10-12
977,388.9277904153672,2027-10-01
978,400.9680618758916,2027-10-19
979,397.1229917268623,2027-10-14
980,387.67962141633603,2027-09-30
981,390.1154723934334,2027-10-05
982,391.4515800807327,2027-10-06
983,394.35449912550246,2027-10-11
984,386.37226202499926,2027-09-29
985,398.91442993249234,2027-10-15
986,395.67819791026255,2027-10-12
987,393.1522090454755,2027-10-08
988,399.43966503153774,2027-10-18
989,391.57318250069886,2027-10-06
990,388.0179817255968,2027-10-01
991,403.79432147702187,2027-10-22
992,390.8277052144066,2027-10-05
993,395.1288006570046,2027-10-12
994,402.5033404539572,2027-10-21
995,384.41132893898487,2027-09-27
996,394.3634184623901,2027-10-11
997,394.48798458153095,2027-10-11
998,395.6320863846548,2027-10-12
999,392.17220074141903,2027-10-07
1000,393.9736333773824,2027-10-08
1001,393.1939873458588,2027-10-08
1002,404.42817129580703,2027-10-25
1003,392.6226796036867,2027-10-07
1004,398.9205493582571,2027-10-15
1005,389.93865245362485,2027-10-04
1006,388.52430139141273,2027-10-01
1007,388.6185124469565,2027-10-01
1008,389.2774276142812,2027-10-04
1009,393.05798253377066,2027-10-08
1010,393.97672255406593,2027-10-08
1011,386.05316155466346,2027-09-29
1012,388.83099137936057,2027-10-01
1013,388.42864836950747,2027-10-01
1014,395.28506868769966,2027-10-12
1015,395.0516627054843,2027-10-12
1016,390.1926187934488,2027-10-05
1017,387.8701838211242,2027-09-30
1018,392.3011772944379,2027-10-07
1019,388.4316065934368,2027-10-01
1020,385.8341082217247,2027-09-28
1021,392.1340232217193,2027-10-07
1022,400.3033279830219,2027-10-19
1023,384.5702648196116,2027-09-27
1024,390.28457880613246,2027-10-05
1025,393.59159338961655,2027-10-08
1026,399.9463364529752,2027-10-18
1027,390.71423436609734,2027-10-05
1028,392.3715030359959,2027-10-07
1029,393.8798984606054,2027-10-08
1030,388.4749168434778,2027-10-01
1031,394.9689578680115,2027-10-11
1032,393.8989239838058,2027-10-08
1033,396.85136808324495,2027-10-13
1034,396.4208040840449,2027-10-13
1035,396.4939639924092,2027-10-13
1036,399.9682182582059,2027-10-18
1037,393.65684511482993,2027-10-08
1038,398.24638941150613,2027-10-15
1039,392.39976400291977,2027-10-07
1040,394.658183760083,2027-10-11
1041,397.00209797823334,2027-10-14
1042,392.7605285858788,2027-10-07
1043,390.5077157882749,2027-10-05
1044,393.73040894526287,2027-10-08
1045,400.0627885821127,2027-10-19
1046,385.5002042130727,2027-09-28
1047,394.39780279034136,2027-10-11
1048,387.6548817772757,2027-09-30
1049,394.7139231042748,2027-10-11
1050,390.1085694222784,2027-10-05
1051,385.8392877766865,2027-09-28
1052,394.5995037538226,2027-10-11
1053,387.3081885562605,2027-09-30
1054,391.89913063386393,2027-10-06
1055,402.47436981670154,2027-10-21
1056,392.1969759784457,2027-10-07
1057,392.1583406145933,2027-10-07
1058,381.9062024811876,2027-09-22
1059,391.451691909269,2027-10-06
1060,393.5519757821531,2027-10-08
1061,393.59933000674886,2027-10-08
1062,390.5584961958312,2027-10-05
1063,393.0048971791263,2027-10-08
1064,398.2317496147597,2027-10-15
1065,405.4733327842531,2027-10-26
1066,391.7793809542872,2027-10-06
1067,400.4799870960337,2027-10-19
1068,390.950450745773,2027-10-05
1069,398.5570296748003,2027-10-15
1070,402.24235249041993,2027-10-21
1071,400.41469491404183,2027-10-19
1072,387.9615618964169,2027-09-30
1073,389.8299670367073,2027-10-04
1074,396.38388184846985,2027-10-13
1075,390.1489210147322,2027-10-05
1076,389.46258714563317,2027-10-04
1077,399.1106293417417,2027-10-18
1078,394.4975504468729,2027-10-11
1079,393.96232782412267,2027-10-08
1080,406.18552189497444,2027-10-27
1081,399.05092900097964,2027-10-18
1082,388.90772597161833,2027-10-01
1083,392.60699757833487,2027-10-07
1084,389.67926460475496,2027-10-04
1085,392.90989397676475,2027-10-07
1086,389.447842530308,2027-10-04
1087,404.511754542458,2027-10-25
1088,392.1491716261699,2027-10-07
1089,402.54813456076874,2027-10-21
1090,395.48099541096957,2027-10-12
1091,382.85946044051354,2027-09-23
1092,396.04071368296354,2027-10-13
1093,392.681019207142,2027-10-07
1094,393.9577297453639,2027-10-08
1095,390.6134817808382,2027-10-05
1096,390.9049283736148,2027-10-05
1097,406.23706638304577,2027-10-27
1098,394.1185178136448,2027-10-11
1099,394.7828526672044,2027-10-11
1100,390.1251776665215,2027-10-05
1101,393.3657858673743,2027-10-08
1102,388.98215003887435,2027-10-01
1103,394.0862003670214,2027-10-11
1104,392.45752711517946,2027-10-07
1105,391.6128413604746,2027-10-06
1106,392.5477669270252,2027-10-07
1107,389.1824839130997,2027-10-04
1108,395.1274028511306,2027-10-12
1109,394.00441528515285,2027-10-11
1110,388.36791536577186,2027-10-01
1111,395.6266818932818,2027-10-12
1112,392.5648606257173,2027-10-07
1113,392.039228248271,2027-10-07
1114,385.02661604713336,2027-09-28
1115,396.54839009788503,2027-10-13
1116,396.9458704952568,2027-10-13
1117,392.07989456173186,2027-10-07
1118,397.82827726076744,2027-10-14
1119,402.1166861760153,2027-10-21
1120,393.5175557108126,2027-10-08
1121,389.0095547430513,2027-10-04
1122,397.5455138403509,2027-10-14
1123,388.88373584062487,2027-10-01
1124,401.0347417985695,2027-10-20
1125,391.5741545790491,2027-10-06
1126,391.7022217306051,2027-10-06
1127,391.94576288521426,2027-10-06
1128,388.6505524982213,2027-10-01
1129,395.9701164686132,2027-10-12
1130,392.55307646534584,2027-10-07
1131,395.81400703091333,2027-10-12
1132,395.0927137517499,2027-10-12
1133,390.7083333000066,2027-10-05
1134,399.603222465335,2027-10-18
1135,396.14674482682966,2027-10-13
1136,391.8064036419967,2027-10-06
1137,391.8716346064051,2027-10-06
1138,404.3710562479105,2027-10-25
1139,391.0250832704454,2027-10-06
1140,390.57832221331546,2027-10-05
1141,389.60912591348233,2027-10-04
1142,390.78668495445925,2027-10-05
1143,396.7712584301671,2027-10-13
1144,397.76118312656024,2027-10-14
1145,393.832228844556,2027-10-08
1146,398.37659789058046,2027-10-15
1147,388.8688033041382,2027-10-01
1148,391.6245288838259,2027-10-06
1149,386.1623386363554,2027-09-29
1150,404.30125454020106,2027-10-25
1151,393.19966183671215,2027-10-08
1152,386.94075274115687,2027-09-29
1153,394.80226316631547,2027-10-11
1154,390.6938140522543,2027-10-05
1155,402.3518532199912,2027-10-21
1156,396.6559493438612,2027-10-13
1157,398.61257204618164,2027-10-15
1158,394.48320577079875,2027-10-11
1159,401.8015389182421,2027-10-20
1160,397.39510716577854,2027-10-14
1161,391.72875210974917,2027-10-06
1162,399.12382139988756,2027-10-18
1163,391.6963668687946,2027-10-06
1164,392.734373705616,2027-10-07
1165,398.84339053903767,2027-10-15
1166,398.35427224920386,2027-10-15
1167,393.6641762340929,2027-10-08
1168,389.1939495809427,2027-10-04
1169,397.5099289473596,2027-10-14
1170,393.8424259831017,2027-10-08
1171,393.29088604148734,2027-10-08
1172,394.37282326407717,2027-10-11
1173,390.6927873082294,2027-10-05
1174,392.9816674954611,2027-10-07
1175,393.07365935670964,2027-10-08
1176,388.34268262509005,2027-10-01
1177,395.1977109708493,2027-10-12
1178,402.93765389410385,2027-10-21
1179,391.74180301012825,2027-10-06
1180,389.2255022708299,2027-10-04
1181,402.4077634869121,2027-10-21
1182,390.2983355758059,2027-10-05
1183,393.7489788912272,2027-10-08
1184,391.8538790877625,2027-10-06
1185,391.21414245663755,2027-10-06
1186,383.634107526737,2027-09-24
1187,392.99730255689536,2027-10-07
1188,393.21821138576576,2027-10-08
1189,398.53320226233666,2027-10-15
1190,396.4638312585675,2027-10-13
1191,391.7309817756711,2027-10-06
1192,388.18842658835075,2027-10-01
1193,396.2647361520577,2027-10-13
1194,380.75406039894045,2027-09-21
1195,392.6724332197323,2027-10-07
1196,390.8826380002614,2027-10-05
1197,399.9637021789672,2027-10-18
1198,394.691348102773,2027-10-11
1199,396.15850404935713,2027-10-13
1200,400.52495940116046,2027-10-19
1201,389.497432623182,2027-10-04
1202,392.6482083512968,2027-10-07
1203,395.61737025271,2027-10-12
1204,403.1225525487969,2027-10-22
1205,389.48741302938043,2027-10-04
1206,394.1872781837586,2027-10-11
1207,388.9586929607883,2027-10-01
1208,390.43979129969284,2027-10-05
1209,389.1770151917417,2027-10-04
1210,392.00955392644596,2027-10-07
1211,393.6213989625776,2027-10-08
1212,388.40295296963365,2027-10-01
1213,390.96977304823696,2027-10-05
1214,397.1706153511701,2027-10-14
1215,389.5225095625703,2027-10-04
1216,390.92346454631274,2027-10-05
1217,392.463092876113,2027-10-07
1218,394.5931669111079,2027-10-11
1219,385.7530291625584,2027-09-28
1220,390.5769865545104,2027-10-05
1221,390.1295412521914,2027-10-05
1222,388.6907497954309,2027-10-01
1223,389.4349996715146,2027-10-04
1224,401.0151497372822,2027-10-20
1225,395.0473240659574,2027-10-12
1226,392.44011230384365,2027-10-07
1227,400.8283805721152,2027-10-19
1228,389.8454552131894,2027-10-04
1229,391.50974631348913,2027-10-06
1230,389.18024826971373,2027-10-04
1231,390.1363610055386,2027-10-05
1232,389.38700976225977,2027-10-04
1233,394.90579218412216,2027-10-11
1234,399.34368013559066,2027-10-18
1235,392.6304679423921,2027-10-07
1236,394.1682619128553,2027-10-11
1237,398.5549879962064,2027-10-15
1238,400.60498301756996,2027-10-19
1239,398.7358714446067,2027-10-15
1240,402.76861413913645,2027-10-21
1241,391.42474190830376,2027-10-06
1242,387.4371966159213,2027-09-30
1243,392.0583323386623,2027-10-07
1244,385.8028947005203,2027-09-28
1245,392.43577340427447,2027-10-07
1246,395.6855140261653,2027-10-12
1247,393.69208448120855,2027-10-08
1248,395.05552036097146,2027-10-12
1249,401.81362162597327,2027-10-20
1250,402.00060349496596,2027-10-21
1251,387.42846645660416,2027-09-30
1252,390.3698773729335,2027-10-05
1253,400.49125359077,2027-10-19
1254,396.7370884930938,2027-10-13
1255,403.5457583730496,2027-10-22
1256,391.6613537361879,2027-10-06
1257,391.68419267559676,2027-10-06
1258,386.74076968992,2027-09-29
1259,396.67318939556276,2027-10-13
1260,388.39236630234535,2027-10-01
1261,406.2968197745966,2027-10-27
1262,394.5676363445107,2027-10-11
1263,389.0271631433274,2027-10-04
1264,387.96157997288714,2027-09-30
1265,391.7785122323261,2027-10-06
1266,399.58986023342703,2027-10-18
1267,391.11026549660716,2027-10-06
1268,403.71951141229374,2027-10-22
1269,394.5502178633316,2027-10-11
1270,388.71064017800796,2027-10-01
1271,391.8704364520516,2027-10-06
1272,396.3523737798738,2027-10-13
1273,391.10262275548627,2027-10-06
1274,388.5503646883598,2027-10-01
1275,392.5610643692265,2027-10-07
1276,392.4501202130659,2027-10-07
1277,399.4490044454936,2027-10-18
1278,390.6238980564387,2027-10-05
1279,395.9106251258694,2027-10-12
1280,388.8495981858732,2027-10-01
1281,396.32503499275685,2027-10-13
1282,393.8476557843039,2027-10-08
1283,391.3449826849202,2027-10-06
1284,385.5003606231906,2027-09-28
1285,392.08176610053494,2027-10-07
1286,389.1611540675121,2027-10-04
1287,389.830691808675,2027-10-04
1288,395.8741454020127,2027-10-12
1289,396.6033123028741,2027-10-13
1290,394.6238350869276,2027-10-11
1291,394.39170127112976,2027-10-11
1292,391.2702174606977,2027-10-06
1293,393.2817080607828,2027-10-08
1294,389.8885080709591,2027-10-04
1295,393.11845846226083,2027-10-08
1296,389.00433597370966,2027-10-04
1297,392.2497945384254,2027-10-07
1298,397.52330965124463,2027-10-14
1299,387.15030596970814,2027-09-30
1300,393.48387315964857,2027-10-08
1301,390.18397473087305,2027-10-05
1302,400.29861653230245,2027-10-19
1303,393.0932948729897,2027-10-08
1304,397.73902901374584,2027-10-14
1305,388.85320796686784,2027-10-01
1306,390.72973564922626,2027-10-05
1307,392.83903786120203,2027-10-07
1308,394.9272138158263,2027-10-11
1309,392.35162493056214,2027-10-07
1310,395.71972379368344,2027-10-12
1311,394.479160705219,2027-10-11
1312,403.5775241421044,2027-10-22
1313,394.48541548014697,2027-10-11
1314,394.3475301779255,2027-10-11
1315,399.70101253192894,2027-10-18
1316,397.43613032367006,2027-10-14
1317,388.8333897589299,2027-10-01
1318,398.7429890056766,2027-10-15
1319,390.88568965713444,2027-10-05
1320,398.5752282065186,2027-10-15
1321,396.89909381572437,2027-10-13
1322,395.49597065594776,2027-10-12
1323,406.4438669148742,2027-10-27
1324,394.26265335525903,2027-10-11
1325,390.524517372268,2027-10-05
1326,389.0498298832667,2027-10-04
1327,390.5025785483908,2027-10-05
1328,392.45956947461696,2027-10-07
1329,386.0471636776472,2027-09-29
1330,391.1921701685818,2027-10-06
1331,391.71069811313924,2027-10-06
1332,396.37054515715266,2027-10-13
1333,393.0752699407291,2027-10-08
1334,400.7877736926722,2027-10-19
1335,388.71412777151767,2027-10-01
1336,393.78256979569835,2027-10-08
1337,395.6927280855695,2027-10-12
1338,389.2329210955426,2027-10-04
1339,390.88225889657775,2027-10-05
1340,389.2681272531505,2027-10-04
1341,394.4484915996584,2027-10-11
1342,392.1832996616966,2027-10-07
1343,396.16683288263283,2027-10-13
1344,382.2269698470375,2027-09-23
1345,390.45495771161677,2027-10-05
1346,394.0772172347901,2027-10-11
1347,389.9587457628852,2027-10-04
1348,385.6515378059794,2027-09-28
1349,394.34025348981976,2027-10-11
1350,399.1120768816903,2027-10-18
1351,393.66861608093626,2027-10-08
1352,388.30385924172333,2027-10-01
1353,398.1715004252525,2027-10-15
1354,400.663038073567,2027-10-19
1355,393.14637055761773,2027-10-08
1356,391.465677762401,2027-10-06
1357,396.0443416973664,2027-10-13
1358,393.9201605974395,2027-10-08
1359,393.79162595554453,2027-10-08
1360,405.478573310934,2027-10-26
1361,394.6068153751586,2027-10-11
1362,387.9893719532302,2027-09-30
1363,392.25828430516833,2027-10-07
1364,387.6021926385835,2027-09-30
1365,395.9942381741699,2027-10-12
1366,394.6560217730098,2027-10-11
1367,396.55320018518347,2027-10-13
1368,390.8090409604995,2027-10-05
1369,387.7193886408453,2027-09-30
1370,398.2064706058451,2027-10-15
1371,395.5525910699623,2027-10-12
1372,395.7662887455554,2027-10-12
1373,387.04771442970804,2027-09-30
1374,391.0139242548795,2027-10-06
1375,391.1347369648654,2027-10-06
1376,392.9411600436982,2027-10-07
1377,388.7671924926615,2027-10-01
1378,396.8183582181519,2027-10-13
1379,392.18646105966593,2027-10-07
1380,402.1257302562592,2027-10-21
1381,391.23586792683403,2027-10-06
1382,390.93356556079993,2027-10-05
1383,391.32657312622626,2027-10-06
1384,394.5863976392812,2027-10-11
1385,392.83385340506095,2027-10-07
1386,391.63131516214776,2027-10-06
1387,398.67125909589424,2027-10-15
1388,403.6238904256146,2027-10-22
1389,389.6546169695781,2027-10-04
1390,394.3958267811974,2027-10-11
1391,401.16073564099014,2027-10-20
1392,397.4784768533676,2027-10-14
1393,393.83732141920296,2027-10-08
1394,400.55701015194524,2027-10-19
1395,400.32177321008044,2027-10-19
1396,395.03858916756093,2027-10-12
1397,393.01822352926615,2027-10-08
1398,386.9411082239076,2027-09-29
1399,395.7341228000524,2027-10-12
1400,389.489666393492,2027-10-04
1401,394.38564014058056,2027-10-11
1402,399.1498009987603,2027-10-18
1403,388.7820533358645,2027-10-01
1404,396.3524373669193,2027-10-13
1405,393.55294582447567,2027-10-08
1406,393.71058737683376,2027-10-08
1407,385.565235696413,2027-09-28
1408,400.2659718054991,2027-10-19
1409,402.2790036366733,2027-10-21
1410,398.50094555214315,2027-10-15
1411,387.7194410065408,2027-09-30
1412,383.15787765169176,2027-09-24
1413,399.1644669308316,2027-10-18
1414,388.31552840983215,2027-10-01
1415,392.8043307101773,2027-10-07
1416,399.8737372057973,2027-10-18
1417,400.60326609323806,2027-10-19
1418,403.8297866276433,2027-10-22
1419,398.6728291443704,2027-10-15
1420,397.46223660691425,2027-10-14
1421,395.18943410528885,2027-10-12
1422,390.40554849060015,2027-10-05
1423,394.60378733420583,2027-10-11
1424,393.2730706802186,2027-10-08
1425,395.4691427034923,2027-10-12
1426,391.69360947256587,2027-10-06
1427,391.414982324943,2027-10-06
1428,395.00195876978773,2027-10-12
1429,384.8906024458578,2027-09-27
1430,384.28037383604277,2027-09-27
1431,388.79158829229,2027-10-01
1432,388.7812192563747,2027-10-01
1433,392.1521537595621,2027-10-07
1434,398.4776059827414,2027-10-15
1435,395.5202347209959,2027-10-12
1436,386.69250264792186,2027-09-29
1437,392.66296787900075,2027-10-07
1438,405.11211093146414,2027-10-26
1439,393.3365071304903,2027-10-08
1440,387.59637642795286,2027-09-30
1441,395.5208543515469,2027-10-12
1442,395.8134339821688,2027-10-12
1443,394.5903448544801,2027-10-11
1444,392.85615761337255,2027-10-07
1445,393.5526860853224,2027-10-08
1446,394.0565535748641,2027-10-11
1447,388.51063141979716,2027-10-01
1448,395.8838988054751,2027-10-12
1449,394.52667452155305,2027-10-11
1450,396.38732090637035,2027-10-13
1451,398.36555032476923,2027-10-15
1452,403.095905065893,2027-10-22
1453,391.09835392796685,2027-10-06
1454,390.5555851084207,2027-10-05
1455,389.2993258779999,2027-10-04
1456,396.9332498748355,2027-10-13
1457,391.9401255763168,2027-10-06
1458,397.2028806454778,2027-10-14
1459,405.7995635159813,2027-10-26
1460,408.583243512416,2027-10-29
1461,398.65830631405754,2027-10-15
1462,396.65248565931404,2027-10-13
1463,393.66117746872345,2027-10-08
1464,393.3662802550023,2027-10-08
1465,387.0829279733671,2027-09-30
1466,389.55953753147276,2027-10-04
1467,392.00247381350965,2027-10-07
1468,398.5002127762784,2027-10-15
1469,387.09559792661736,2027-09-30
1470,390.06214431036096,2027-10-05
1471,394.8406353429045,2027-10-11
1472,392.76369405585154,2027-10-07
1473,389.8624049529506,2027-10-04
1474,387.9039658693129,2027-09-30
1475,394.38897422907445,2027-10-11
1476,393.27445075565896,2027-10-08
1477,396.310872292238,2027-10-13
1478,395.69095183592265,2027-10-12
1479,390.57497509641985,2027-10-05
1480,399.7677635593017,2027-10-18
1481,390.2301501847163,2027-10-05
1482,388.597319520501,2027-10-01
1483,392.1063291547771,2027-10-07
1484,395.9547202007118,2027-10-12
1485,393.55408102971415,2027-10-08
1486,393.2384309504596,2027-10-08
1487,396.8457046718697,2027-10-13
1488,392.3990382611444,2027-10-07
1489,392.8317476586294,2027-10-07
1490,392.21222001937036,2027-10-07
1491,386.67852222885676,2027-09-29
1492,399.6717572185853,2027-10-18
1493,391.15540511973364,2027-10-06
1494,393.0317717658304,2027-10-08
1495,393.1822539479843,2027-10-08
1496,390.5742911102508,2027-10-05
1497,401.0858287269104,2027-10-20
1498,388.6963832952347,2027-10-01
1499,393.0006879440688,2027-10-08
1500,390.74538283722853,2027-10-05
1501,387.8338351571786,2027-09-30
1502,388.2495623117819,2027-10-01
1503,388.95622549084584,2027-10-01
1504,399.4530963376418,2027-10-18
1505,390.63669546235775,2027-10-05
1506,390.04888329041944,2027-10-05
1507,392.91350534418837,2027-10-07
1508,388.613510062847,2027-10-01
1509,390.25857718233027,2027-10-05
1510,395.15744320111247,2027-10-12
1511,391.872762084953,2027-10-06
1512,397.6220147818104,2027-10-14
1513,403.75644028829726,2027-10-22
1514,390.0259483239335,2027-10-05
1515,394.9928484805371,2027-10-11
1516,400.230730583343,2027-10-19
1517,391.0292229622092,2027-10-06
1518,396.54815408745856,2027-10-13
1519,396.07133291402045,2027-10-13
1520,394.88015706621457,2027-10-11
1521,394.34052111946124,2027-10-11
1522,388.94628787045554,2027-10-01
1523,392.9637335683034,2027-10-07
1524,384.99728260094815,2027-09-27
1525,399.0567957029847,2027-10-18
1526,394.54260964300477,2027-10-11
1527,394.2221730342032,2027-10-11
1528,399.59647332481904,2027-10-18
1529,390.88204923731587,2027-10-05
1530,387.01537472796264,2027-09-30
1531,388.8532844874048,2027-10-01
1532,395.701931379441,2027-10-12
1533,394.4053995079855,2027-10-11
1534,400.07035301319297,2027-10-19
1535,393.64430001117006,2027-10-08
1536,393.1846490872855,2027-10-08
1537,392.08478700954436,2027-10-07
1538,392.18656071223586,2027-10-07
1539,396.92578797498754,2027-10-13
1540,394.7100301904762,2027-10-11
1541,396.05418574721546,2027-10-13
1542,395.64385784107577,2027-10-12
1543,388.7837113646218,2027-10-01
1544,383.7906975813599,2027-09-24
1545,393.1812585465465,2027-10-08
1546,392.80883336675396,2027-10-07
1547,394.37608733219827,2027-10-11
1548,391.2932050401096,2027-10-06
1549,388.18065513398165,2027-10-01
1550,395.9369199173397,2027-10-12
1551,391.25669828031494,2027-10-06
1552,397.3605062656306,2027-10-14
1553,389.9848680966557,2027-10-04
1554,390.3462778261169,2027-10-05
1555,394.9315843346093,2027-10-11
1556,383.59142560306884,2027-09-24
1557,389.66849606442696,2027-10-04
1558,399.57884611526487,2027-10-18
1559,394.3899503902082,2027-10-11
1560,393.324200281502,2027-10-08
1561,387.7890383809096,2027-09-30
1562,401.5485833285343,2027-10-20
1563,384.53447851586026,2027-09-27
1564,399.3584579324914,2027-10-18
1565,396.81481977873256,2027-10-13
1566,392.88111276594617,2027-10-07
1567,387.73145710893493,2027-09-30
1568,394.081241347574,2027-10-11
1569,400.0928863287354,2027-10-19
1570,402.8407911564153,2027-10-21
1571,394.788624635631,2027-10-11
1572,396.8569504643522,2027-10-13
1573,396.01885753997084,2027-10-13
1574,392.30044022370384,2027-10-07
1575,391.7995651074854,2027-10-06
1576,400.012437127632,2027-10-19
1577,391.8464387470877,2027-10-06
1578,396.80167546104036,2027-10-13
1579,392.88151112254616,2027-10-07
1580,397.0952257853051,2027-10-14
1581,392.60125554574773,2027-10-07
1582,394.8812249508097,2027-10-11
1583,393.03776429736314,2027-10-08
1584,387.3992952981164,2027-09-30
1585,400.9999155582732,2027-10-19
1586,387.4560253483255,2027-09-30
1587,390.90917834893884,2027-10-05
1588,399.7766531062603,2027-10-18
1589,395.49668063940607,2027-10-12
1590,398.3580536036502,2027-10-15
1591,390.8992836219479,2027-10-05
1592,390.09005864083,2027-10-05
1593,389.4285138754687,2027-10-04
1594,398.55561271804135,2027-10-15
1595,387.1311030850153,2027-09-30
1596,393.32814009034195,2027-10-08
1597,393.44758303420014,2027-10-08
1598,387.85443432652994,2027-09-30
1599,392.58352703512264,2027-10-07
1600,392.05818863859724,2027-10-07
1601,387.7636946287965,2027-09-30
1602,394.3409665334523,2027-10-11
1603,391.0827577894756,2027-10-06
1604,394.3592605142932,2027-10-11
1605,390.91796989896613,2027-10-05
1606,393.9941966658845,2027-10-08
1607,387.27729091245436,2027-09-30
1608,393.7026037033229,2027-10-08
1609,392.73578433009936,2027-10-07
1610,389.44924212349275,2027-10-04
1611,395.6289500812715,2027-10-12
1612,388.4090445506276,2027-10-01
1613,394.0945659401987,2027-10-11
1614,392.9387722364572,2027-10-07
1615,393.83904969041504,2027-10-08
1616,392.21173976344784,2027-10-07
1617,390.7583801181941,2027-10-05
1618,396.5529631622476,2027-10-13
1619,394.8574832785096,2027-10-11
1620,384.1097857822853,2027-09-27
1621,389.9551442822072,2027-10-04
1622,388.6120416873851,2027-10-01
1623,388.54408095707424,2027-10-01
1624,395.36221720461776,2027-10-12
1625,392.4063210628021,2027-10-07
1626,391.12865237436273,2027-10-06
1627,396.940033273648,2027-10-13
1628,393.8620965205803,2027-10-08
1629,402.8040866384247,2027-10-21
1630,385.3053211169715,2027-09-28
1631,399.9666317671,2027-10-18
1632,400.11104262852564,2027-10-19
1633,396.5603438205123,2027-10-13
1634,386.26288083013935,2027-09-29
1635,389.4980235551294,2027-10-04
1636,391.49940376504736,2027-10-06
1637,399.34114487833534,2027-10-18
1638,394.1069148965266,2027-10-11
1639,382.7334703142323,2027-09-23
1640,395.5381836417346,2027-10-12
1641,397.1262824289709,2027-10-14
1642,391.91457374738224,2027-10-06
1643,386.5721544241411,2027-09-29
1644,397.18286947598983,2027-10-14
1645,383.9782914756649,2027-09-24
1646,384.4398917590067,2027-09-27
1647,387.6464656432086,2027-09-30
1648,397.93404315361204,2027-10-14
1649,386.81121096416825,2027-09-29
1650,386.7386336895742,2027-09-29
1651,392.6870021647622,2027-10-07
1652,394.11035689960056,2027-10-11
1653,383.89083631353185,2027-09-24
1654,391.49808361104505,2027-10-06
1655,392.93871746223647,2027-10-07
1656,392.64181050319814,2027-10-07
1657,396.8055690513469,2027-10-13
1658,389.26596985090003,2027-10-04
1659,400.69841049862185,2027-10-19
1660,394.2832615970759,2027-10-11
1661,390.82763837873284,2027-10-05
1662,384.2872811368972,2027-09-27
1663,395.480570470286,2027-10-12
1664,396.1891448737602,2027-10-13
1665,392.26097646170865,2027-10-07
1666,388.73099726400335,2027-10-01
1667,386.2524015368353,2027-09-29
1668,394.09392144247903,2027-10-11
1669,398.1515551742904,2027-10-15
1670,391.6789250859201,2027-10-06
1671,387.5855176347319,2027-09-30
1672,397.2066322721352,2027-10-14
1673,398.12207939753927,2027-10-15
1674,401.71868432557,2027-10-20
1675,389.3272104360229,2027-10-04
1676,395.5730919001041,2027-10-12
1677,399.013205746013,2027-10-18
1678,389.70475600388147,2027-10-04
1679,397.2860604324797,2027-10-14
1680,385.3870514636055,2027-09-28
1681,399.1057136118383,2027-10-18
1682,401.5469863317068,2027-10-20
1683,390.03481389718115,2027-10-05
1684,394.13343341139085,2027-10-11
1685,399.90520009849473,2027-10-18
1686,391.63934830195103,2027-10-06
1687,393.8660036294013,2027-10-08
1688,396.1263187676796,2027-10-13
1689,403.129744771832,2027-10-22
1690,391.79918791744683,2027-10-06
1691,390.869471051951,2027-10-05
1692,388.8088160876544,2027-10-01
1693,394.42504090966617,2027-10-11
1694,404.32606820768336,2027-10-25
1695,393.1022676587133,2027-10-08
1696,396.6508756533636,2027-10-13
1697,397.5450325894138,2027-10-14
1698,387.774354984922,2027-09-30
1699,394.543470573621,2027-10-11
1700,395.5745693308112,2027-10-12
1701,387.93797425909355,2027-09-30
1702,398.99080202768596,2027-10-15
1703,394.6944342959981,2027-10-11
1704,399.05296077910947,2027-10-18
1705,395.1746536758951,2027-10-12
1706,393.3211235760322,2027-10-08
1707,388.5770379855966,2027-10-01
1708,387.8695859085977,2027-09-30
1709,388.42212777035803,2027-10-01
1710,402.7913362687971,2027-10-21
1711,390.65577446547945,2027-10-05
1712,389.84052666015583,2027-10-04
1713,394.5466622855602,2027-10-11
1714,398.85678209848004,2027-10-15
1715,395.37150613990366,2027-10-12
1716,397.07882494013325,2027-10-14
1717,386.15840514206275,2027-09-29
1718,391.96451106006214,2027-10-06
1719,392.43120783111027,2027-10-07
1720,392.61190617975365,2027-10-07
1721,389.78690865675014,2027-10-04
1722,385.2664162946322,2027-09-28
1723,391.88834088139276,2027-10-06
1724,389.9329946811521,2027-10-04
1725,391.5472127328136,2027-10-06
1726,393.81975780123815,2027-10-08
1727,396.7197296001391,2027-10-13
1728,388.32143834271795,2027-10-01
1729,400.85332114534543,2027-10-19
1730,389.4570148032695,2027-10-04
1731,386.34447588296274,2027-09-29
1732,390.8076430310329,2027-10-05
1733,392.4832684207813,2027-10-07
1734,393.49167283779616,2027-10-08
1735,390.0240930973702,2027-10-05
1736,398.6333798746231,2027-10-15
1737,393.34710920382184,2027-10-08
1738,395.63804852011793,2027-10-12
1739,388.5779247044724,2027-10-01
1740,392.47403712399495,2027-10-07
1741,397.00522847166354,2027-10-14
1742,391.17388056719886,2027-10-06
1743,388.909180875812,2027-10-01
1744,404.15878581135615,2027-10-25
1745,394.3757765254858,2027-10-11
1746,393.81249134662886,2027-10-08
1747,393.1231357253716,2027-10-08
1748,394.4997067143589,2027-10-11
1749,388.51817561829466,2027-10-01
1750,401.609968091443,2027-10-20
1751,387.9315226011189,2027-09-30
1752,394.78157183781616,2027-10-11
1753,396.2133044503311,2027-10-13
1754,400.3239582188362,2027-10-19
1755,392.79886127294094,2027-10-07
1756,389.87468402935104,2027-10-04
1757,388.5525310808171,2027-10-01
1758,391.3946796050315,2027-10-06
1759,399.66514351546715,2027-10-18
1760,404.58894395260506,2027-10-25
1761,396.3089897518357,2027-10-13
1762,386.4344629629009,2027-09-29
1763,399.47781053218984,2027-10-18
1764,389.33294484495696,2027-10-04
1765,392.7991543710936,2027-10-07
1766,391.57351769486183,2027-10-06
1767,389.26910962111555,2027-10-04
1768,401.83955396403906,2027-10-20
1769,393.987672875784,2027-10-08
1770,395.82274179869904,2027-10-12
1771,396.96424295460525,2027-10-13
1772,399.61502935790423,2027-10-18
1773,391.1245170173633,2027-10-06
1774,394.2184026128512,2027-10-11
1775,392.29293631847344,2027-10-07
1776,396.93296396167267,2027-10-13
1777,388.44387439476293,2027-10-01
1778,392.84892957740755,2027-10-07
1779,396.9751232821824,2027-10-13
1780,392.2755577514303,2027-10-07
1781,401.31662490953164,2027-10-20
1782,401.9928159935704,2027-10-20
1783,392.66597401931637,2027-10-07
1784,390.6827471725011,2027-10-05
1785,394.9704689634227,2027-10-11
1786,400.72996731962036,2027-10-19
1787,391.52678082768534,2027-10-06
1788,396.9883044241395,2027-10-13
1789,401.1383698799098,2027-10-20
1790,392.7505229169978,2027-10-07
1791,388.71955133696684,2027-10-01
1792,401.1709277106272,2027-10-20
1793,390.5410639383691,2027-10-05
1794,399.16064870080845,2027-10-18
1795,388.8643930885057,2027-10-01
1796,393.3282035279181,2027-10-08
1797,397.19039003347655,2027-10-14
1798,394.68554408308506,2027-10-11
1799,384.82156912905936,2027-09-27
1800,384.9081182492595,2027-09-27
1801,391.6024782632813,2027-10-06
1802,396.9104695609889,2027-10-13
1803,393.0216107839446,2027-10-08
1804,391.7855948685116,2027-10-06
1805,402.4878184296127,2027-10-21
1806,390.1110080654146,2027-10-05
1807,390.872207604585,2027-10-05
1808,400.658814472862,2027-10-19
1809,389.84894731392404,2027-10-04
1810,391.8754499800979,2027-10-06
1811,390.47243622753143,2027-10-05
1812,396.6670090925976,2027-10-13
1813,392.84107229011425,2027-10-07
1814,385.5343497990261,2027-09-28
1815,392.00399464896185,2027-10-07
1816,393.1141763882003,2027-10-08
1817,396.5892339376503,2027-10-13
1818,397.6838205153146,2027-10-14
1819,405.6486173666065,2027-10-26
1820,393.3538804813898,2027-10-08
1821,395.0196649849136,2027-10-12
1822,398.3922305744895,2027-10-15
1823,386.11953333704554,2027-09-29
1824,396.9264267805099,2027-10-13
1825,395.5175876073136,2027-10-12
1826,391.31407991148285,2027-10-06
1827,385.73288676188366,2027-09-28
1828,384.20595656298804,2027-09-27
1829,387.81563707272056,2027-09-30
1830,397.5497788894214,2027-10-14
1831,393.98319285716025,2027-10-08
1832,395.5868177965637,2027-10-12
1833,397.67149832999485,2027-10-14
1834,390.96304803804196,2027-10-05
1835,396.4107837724744,2027-10-13
1836,394.78760280848087,2027-10-11
1837,388.03761459439124,2027-10-01
1838,403.94022731611807,2027-10-22
1839,394.94403466474034,2027-10-11
1840,393.92589019014775,2027-10-08
1841,395.23689365772634,2027-10-12
1842,393.82907429896034,2027-10-08
1843,391.6976963185706,2027-10-06
1844,399.6894957760166,2027-10-18
1845,389.0142418260826,2027-10-04
1846,395.6301093825212,2027-10-12
1847,391.4018364763131,2027-10-06
1848,389.940233726854,2027-10-04
1849,395.1663738787659,2027-10-12
1850,400.10993369077295,2027-10-19
1851,394.9116264635921,2027-10-11
1852,395.0291508445012,2027-10-12
1853,402.39084897728196,2027-10-21
1854,396.21112114527256,2027-10-13
1855,396.0220411623877,2027-10-13
1856,395.3110836314543,2027-10-12
1857,404.0719029461597,2027-10-25
1858,395.3426755569988,2027-10-12
1859,397.9091614996722,2027-10-14
1860,400.8830060449512,2027-10-19
1861,391.58179462975056,2027-10-06
1862,393.26524343561033,2027-10-08
1863,387.2883837225382,2027-09-30
1864,392.6532528077967,2027-10-07
1865,394.58463064528394,2027-10-11
1866,389.0423462440474,2027-10-04
1867,379.5379330734864,2027-09-20
1868,390.77391887229396,2027-10-05
1869,393.78427577529385,2027-10-08
1870,389.34835010202744,2027-10-04
1871,393.6166251076908,2027-10-08
1872,390.8007995201118,2027-10-05
1873,389.68445465970495,2027-10-04
1874,400.03101963197435,2027-10-19
1875,394.92378805871056,2027-10-11
1876,399.5777765447916,2027-10-18
1877,392.9634025138883,2027-10-07
1878,390.21244783990636,2027-10-05
1879,403.6841123940797,2027-10-22
1880,391.99376743121013,2027-10-06
1881,394.8018284245694,2027-10-11
1882,394.40892913701094,2027-10-11
1883,398.32874809169044,2027-10-15
1884,393.97453921192266,2027-10-08
1885,394.0125253557374,2027-10-11
1886,394.58714171271555,2027-10-11
1887,395.53705911155635,2027-10-12
1888,394.47146622910634,2027-10-11
1889,387.70951009860227,2027-09-30
1890,389.490867465127,2027-10-04
1891,390.0575698340134,2027-10-05
1892,395.9279147977718,2027-10-12
1893,392.22047758091674,2027-10-07
1894,387.3516391719298,2027-09-30
1895,392.26441811580594,2027-10-07
1896,386.6127571319905,2027-09-29
1897,391.8625154486718,2027-10-06
1898,389.73801314679633,2027-10-04
1899,392.5387691112554,2027-10-07
1900,385.98617186700585,2027-09-28
1901,393.0323923466127,2027-10-08
1902,387.9372696242953,2027-09-30
1903,392.75717428254467,2027-10-07
1904,392.2690619520658,2027-10-07
1905,392.9689347346365,2027-10-07
1906,383.8011293373614,2027-09-24
1907,402.1072171702739,2027-10-21
1908,387.5230934590688,2027-09-30
1909,410.1500106038744,2027-11-02
1910,399.3327502395922,2027-10-18
1911,403.0633218502785,2027-10-22
1912,388.391845097618,2027-10-01
1913,398.9238182061065,2027-10-15
1914,397.16118019715367,2027-10-14
1915,397.25152290239976,2027-10-14
1916,402.75420798842697,2027-10-21
1917,390.20131162430397,2027-10-05
1918,387.66329319499937,2027-09-30
1919,396.62720879285126,2027-10-13
1920,398.17982539205457,2027-10-15
1921,388.6526718438343,2027-10-01
1922,394.5936424711831,2027-10-11
1923,388.9146865535577,2027-10-01
1924,388.92735118640684,2027-10-01
1925,388.1517572902641,2027-10-01
1926,395.0983180864228,2027-10-12
1927,391.2485767702332,2027-10-06
1928,388.32538390622324,2027-10-01
1929,390.4649381670248,2027-10-05
1930,391.57703107623706,2027-10-06
1931,390.0582926451368,2027-10-05
1932,389.2647147347575,2027-10-04
1933,392.9344899724858,2027-10-07
1934,388.37334003661243,2027-10-01
1935,390.53832885390017,2027-10-05
1936,404.48928815264,2027-10-25
1937,397.7259682263656,2027-10-14
1938,390.76892121373646,2027-10-05
1939,388.20929676806253,2027-10-01
1940,394.6041233682446,2027-10-11
1941,399.7969160240437,2027-10-18
1942,395.65246187809777,2027-10-12
1943,394.4235400498481,2027-10-11
1944,396.2962936483863,2027-10-13
1945,395.5586506595744,2027-10-12
1946,394.18216735210694,2027-10-11
1947,391.0383376651606,2027-10-06
1948,393.22877454248584,2027-10-08
1949,400.499198196055,2027-10-19
1950,393.853624722855,2027-10-08
1951,396.84153389509777,2027-10-13
1952,389.2377200729919,2027-10-04
1953,391.37747852270843,2027-10-06
1954,395.23708587841037,2027-10-12
1955,390.41203835917963,2027-10-05
1956,401.1611620416207,2027-10-20
1957,399.9044697428419,2027-10-18
1958,391.62851622741664,2027-10-06
1959,400.8633011338873,2027-10-19
1960,393.2064728379711,2027-10-08
1961,391.9933774739314,2027-10-06
1962,395.5796843382822,2027-10-12
1963,392.4779541850242,2027-10-07
1964,396.6334789842497,2027-10-13
1965,386.49708269898764,2027-09-29
1966,386.46686377569586,2027-09-29
1967,396.1149904168426,2027-10-13
1968,391.1745125521576,2027-10-06
1969,399.01618652288994,2027-10-18
1970,390.78312626928783,2027-10-05
1971,396.1170464528906,2027-10-13
1972,396.9263028385889,2027-10-13
1973,391.5268830940448,2027-10-06
1974,394.15663535754595,2027-10-11
1975,397.1952791256785,2027-10-14
1976,386.07221740936956,2027-09-29
1977,390.389732799208,2027-10-05
1978,397.9006146659713,2027-10-14
1979,387.19416226908766,2027-09-30
1980,400.7293478944183,2027-10-19
1981,395.4301925035533,2027-10-12
1982,396.3220243803634,2027-10-13
1983,408.6042468992679,2027-10-29
1984,395.51657320971447,2027-10-12
1985,389.38439048170136,2027-10-04
1986,390.20642450042226,2027-10-05
1987,397.45527154161135,2027-10-14
1988,381.79357600244407,2027-09-22
1989,387.4343709264696,2027-09-30
1990,390.9389619491675,2027-10-05
1991,395.0750898074827,2027-10-12
1992,396.79174315632497,2027-10-13
1993,396.33848566319574,2027-10-13
1994,398.8456863397319,2027-10-15
1995,392.61524919394867,2027-10-07
1996,396.52188927518796,2027-10-13
1997,394.4625013126145,2027-10-11
1998,392.65726725343933,2027-10-07
1999,392.5216430631927,2027-10-07
2000,398.9761358768026,2027-10-15
2001,389.41758033449037,2027-10-04
2002,388.73150209686526,2027-10-01
2003,388.5871762966541,2027-10-01
2004,392.3640738600546,2027-10-07
2005,396.03338062289913,2027-10-13
2006,392.36442376475026,2027-10-07
2007,394.31316227226483,2027-10-11
2008,388.67294516196966,2027-10-01
2009,390.87724863297177,2027-10-05
2010,388.61413324605405,2027-10-01
2011,384.04591161764165,2027-09-27
2012,395.8471332541128,2027-10-12
2013,401.43230995129454,2027-10-20
2014,388.13164896032293,2027-10-01
2015,399.4587613378016,2027-10-18
2016,405.05811712232065,2027-10-26
2017,392.6805164802126,2027-10-07
2018,390.54512288835724,2027-10-05
2019,396.42236938235527,2027-10-13
2020,401.4744151629881,2027-10-20
2021,393.7508244667766,2027-10-08
2022,387.2521815086003,2027-09-30
2023,391.478679162008,2027-10-06
2024,394.4715260692561,2027-10-11
2025,395.84619965931495,2027-10-12
2026,393.08374990712645,2027-10-08
2027,402.0927809328965,2027-10-21
2028,393.08790014483526,2027-10-08
2029,406.7715191848564,2027-10-27
2030,397.33224629464587,2027-10-14
2031,384.5079185090527,2027-09-27
2032,395.550632963314,2027-10-12
2033,385.86190193569854,2027-09-28
2034,396.1964054701171,2027-10-13
2035,391.5914618339919,2027-10-06
2036,401.93539443214024,2027-10-20
2037,391.7768615240649,2027-10-06
2038,389.640536912531,2027-10-04
2039,399.64196623212547,2027-10-18
2040,394.8355717412147,2027-10-11
2041,391.3924525895172,2027-10-06
2042,400.1192237523646,2027-10-19
2043,384.7318565714271,2027-09-27
2044,394.56287165939483,2027-10-11
2045,391.42899370383384,2027-10-06
2046,388.8418441810816,2027-10-01
2047,397.3046178761458,2027-10-14
2048,387.2310059214448,2027-09-30
2049,398.3028293302766,2027-10-15
2050,392.1229615515977,2027-10-07
2051,390.982118963712,2027-10-05
2052,390.0186755302518,2027-10-05
2053,385.7775673960226,2027-09-28
2054,395.6056094811278,2027-10-12
2055,395.03071265988126,2027-10-12
2056,394.5343030728576,2027-10-11
2057,392.03504679026867,2027-10-07
2058,390.31656879804336,2027-10-05
2059,390.1259445636257,2027-10-05
2060,394.91225360962784,2027-10-11
2061,395.12608472310603,2027-10-12
2062,389.305938694882,2027-10-04
2063,399.01491985457716,2027-10-18
2064,390.23151564081024,2027-10-05
2065,395.69533264243023,2027-10-12
2066,391.68508453921606,2027-10-06
2067,386.4897169475804,2027-09-29
2068,405.8849621976395,2027-10-26
2069,394.3114348614532,2027-10-11
2070,393.22961940951944,2027-10-08
2071,390.2298823725538,2027-10-05
2072,397.36546833240544,2027-10-14
2073,387.9915724086294,2027-09-30
2074,392.88820494747716,2027-10-07
2075,389.2252545772403,2027-10-04
2076,392.1555730465021,2027-10-07
2077,393.49146603200535,2027-10-08
2078,401.6013611980541,2027-10-20
2079,394.13907407820403,2027-10-11
2080,392.15745908695413,2027-10-07
2081,390.3681708101703,2027-10-05
2082,398.1950500376351,2027-10-15
2083,397.3717617258154,2027-10-14
2084,391.79485962826493,2027-10-06
2085,392.3904350989789,2027-10-07
2086,395.0145731220324,2027-10-12
2087,405.0087092030227,2027-10-26
2088,396.0411133169258,2027-10-13
2089,390.67016622106,2027-10-05
2090,391.99196202712204,2027-10-06
2091,397.9783548565599,2027-10-14
2092,390.4855131300881,2027-10-05
2093,395.14441924064323,2027-10-12
2094,394.14682680295164,2027-10-11
2095,390.7787421717439,2027-10-05
2096,409.26666868395944,2027-11-01
2097,391.14187994202234,2027-10-06
2098,389.58869357559837,2027-10-04
2099,396.0933891307372,2027-10-13
2100,396.4411826857266,2027-10-13
2101,396.95291842987365,2027-10-13
2102,407.2286772871416,2027-10-28
2103,405.47394476153283,2027-10-26
2104,399.9211707311925,2027-10-18
2105,395.3127730970663,2027-10-12
2106,388.46222226095415,2027-10-01
2107,389.6033820925264,2027-10-04
2108,392.52262750608793,2027-10-07
2109,383.56047913901625,2027-09-24
2110,390.02407546049,2027-10-05
2111,389.5070838713355,2027-10-04
2112,390.79966623520187,2027-10-05
2113,393.7163504597007,2027-10-08
2114,399.5554575645772,2027-10-18
2115,390.68093948886093,2027-10-05
2116,395.42419148591017,2027-10-12
2117,392.9210730744564,2027-10-07
2118,392.32993695144665,2027-10-07
2119,394.3412429442925,2027-10-11
2120,397.948229737163,2027-10-14
2121,393.96854686274463,2027-10-08
2122,394.89167879030794,2027-10-11
2123,391.712324516699,2027-10-06
2124,387.3327791848313,2027-09-30
2125,390.63490037481665,2027-10-05
2126,391.058221522246,2027-10-06
2127,398.58151980242053,2027-10-15
2128,392.8609860697454,2027-10-07
2129,392.9212094045156,2027-10-07
2130,392.0808129601033,2027-10-07
2131,390.99014048024816,2027-10-05
2132,392.4432197700077,2027-10-07
2133,395.2340053705873,2027-10-12
2134,389.84789512159915,2027-10-04
2135,388.5756426943969,2027-10-01
2136,389.11369971817834,2027-10-04
2137,393.06032856285367,2027-10-08
2138,382.72239248988427,2027-09-23
2139,393.5277813742922,2027-10-08
2140,392.3704483569141,2027-10-07
2141,400.0799527197265,2027-10-19
2142,400.06920741029126,2027-10-19
2143,397.430647835174,2027-10-14
2144,396.34795138372345,2027-10-13
2145,402.2597101108983,2027-10-21
2146,392.6976395971601,2027-10-07
2147,392.00513077973073,2027-10-07
2148,397.71878618499306,2027-10-14
2149,391.4592884630796,2027-10-06
2150,392.7485384682348,2027-10-07
2151,383.9527654617068,2027-09-24
2152,394.55995796513105,2027-10-11
2153,390.4625449300527,2027-10-05
2154,392.3355990361103,2027-10-07
2155,394.364004544791,2027-10-11
2156,397.57108697250635,2027-10-14
2157,408.4660125443404,2027-10-29
2158,395.3899035890502,2027-10-12
2159,400.74637922346545,2027-10-19
2160,394.8687388970175,2027-10-11
2161,389.87549059910936,2027-10-04
2162,401.0997533975676,2027-10-20
2163,390.987819861044,2027-10-05
2164,391.28707127212573,2027-10-06
2165,392.3423557948162,2027-10-07
2166,390.080640605867,2027-10-05
2167,399.58526774350173,2027-10-18
2168,396.7199527494797,2027-10-13
2169,389.5960449570763,2027-10-04
2170,400.5903088344169,2027-10-19
2171,390.51659022749345,2027-10-05
2172,394.48645358576607,2027-10-11
2173,388.7562286055792,2027-10-01
2174,396.07871305604914,2027-10-13
2175,395.34779020553384,2027-10-12
2176,400.73480549781993,2027-10-19
2177,400.0259010819294,2027-10-19
2178,395.97572301733845,2027-10-12
2179,388.2865515661118,2027-10-01
2180,413.87237309534044,2027-11-05
2181,392.219998413997,2027-10-07
2182,392.1873492054467,2027-10-07
2183,399.57215123701167,2027-10-18
2184,399.1047443284144,2027-10-18
2185,396.3965937846507,2027-10-13
2186,391.4412259871426,2027-10-06
2187,386.5458007935094,2027-09-29
2188,386.3238936986013,2027-09-29
2189,398.67582276351413,2027-10-15
2190,392.94201975122377,2027-10-07
2191,396.51780165226285,2027-10-13
2192,399.1105727715527,2027-10-18
2193,392.3369599089743,2027-10-07
2194,394.78919746776137,2027-10-11
2195,393.60924926042463,2027-10-08
2196,390.9805608961743,2027-10-05
2197,390.32611045079574,2027-10-05
2198,390.2664275792693,2027-10-05
2199,398.0208257649035,2027-10-15
2200,392.09497087149396,2027-10-07
2201,392.3881219079454,2027-10-07
2202,393.8860921330506,2027-10-08
2203,390.7844368100558,2027-10-05
2204,390.85867289346334,2027-10-05
2205,392.73075744264037,2027-10-07
2206,392.4957600617305,2027-10-07
2207,403.3347748154497,2027-10-22
2208,396.09219909466833,2027-10-13
2209,393.46321761349526,2027-10-08
2210,391.9597460292387,2027-10-06
2211,399.967433707181,2027-10-18
2212,396.47123587491376,2027-10-13
2213,392.6147693692666,2027-10-07
2214,393.28718173454786,2027-10-08
2215,394.6751549891888,2027-10-11
2216,399.30011022771845,2027-10-18
2217,386.84880050074577,2027-09-29
2218,388.7365193480685,2027-10-01
2219,388.90485032858953,2027-10-01
2220,393.61347394902026,2027-10-08
2221,396.43840730033725,2027-10-13
2222,387.86271418510927,2027-09-30
2223,394.25085540604647,2027-10-11
2224,387.58537080279916,2027-09-30
2225,392.8634041444295,2027-10-07
2226,386.02256930304253,2027-09-29
2227,389.86217236577914,2027-10-04
2228,399.1449533784853,2027-10-18
2229,396.87105242488775,2027-10-13
2230,391.55936227011665,2027-10-06
2231,386.1778797035283,2027-09-29
2232,392.4758187485917,2027-10-07
2233,383.6265180882781,2027-09-24
2234,392.4771558336558,2027-10-07
2235,393.0177273726919,2027-10-08
2236,392.7903324662398,2027-10-07
2237,393.3260672719923,2027-10-08
2238,390.45484869783115,2027-10-05
2239,397.4719305250825,2027-10-14
2240,395.6168873057658,2027-10-12
2241,393.8664625995549,2027-10-08
2242,396.19261345613927,2027-10-13
2243,396.6093992527203,2027-10-13
2244,390.0231971755111,2027-10-05
2245,392.26460731630164,2027-10-07
2246,391.02420806328536,2027-10-06
2247,396.6196801186915,2027-10-13
2248,392.0794120753267,2027-10-07
2249,387.55617620471276,2027-09-30
2250,391.13339426742357,2027-10-06
2251,391.7013810066137,2027-10-06
2252,391.917351286143,2027-10-06
2253,397.95652719779315,2027-10-14
2254,396.92257881124124,2027-10-13
2255,404.6579354780402,2027-10-25
2256,390.84579375098485,2027-10-05
2257,392.8031462709376,2027-10-07
2258,395.5124984685725,2027-10-12
2259,395.97604633463465,2027-10-12
2260,392.1192150421341,2027-10-07
2261,404.49470729650676,2027-10-25
2262,395.6447665680347,2027-10-12
2263,391.93905864276326,2027-10-06
2264,403.2479173756474,2027-10-22
2265,390.46755911559086,2027-10-05
2266,397.88711377837325,2027-10-14
2267,395.3014376172946,2027-10-12
2268,393.4962488251842,2027-10-08
2269,387.6589507055649,2027-09-30
2270,395.57119720912453,2027-10-12
2271,395.8275406359211,2027-10-12
2272,393.3859562063822,2027-10-08
2273,392.8723947639189,2027-10-07
2274,388.31177022649285,2027-10-01
2275,408.80165252517406,2027-10-29
2276,390.53551829948964,2027-10-05
2277,386.31692362616786,2027-09-29
2278,390.2976467878933,2027-10-05
2279,396.60105438951376,2027-10-13
2280,391.2745980303532,2027-10-06
2281,391.376458563296,2027-10-06
2282,388.4643832784121,2027-10-01
2283,394.9256173596188,2027-10-11
2284,395.1400858544639,2027-10-12
2285,396.53830693705913,2027-10-13
2286,393.44389033741703,2027-10-08
2287,405.4409739840427,2027-10-26
2288,394.298525046526,2027-10-11
2289,396.7952391082453,2027-10-13
2290,387.3016359469758,2027-09-30
2291,403.11244531380726,2027-10-22
2292,389.60439969139503,2027-10-04
2293,395.0134937800047,2027-10-12
2294,394.8816821215078,2027-10-11
2295,393.54570825937463,2027-10-08
2296,400.7690199171795,2027-10-19
2297,395.8697742688479,2027-10-12
2298,396.05207578342856,2027-10-13
2299,394.60786052894633,2027-10-11
2300,387.41184497628706,2027-09-30
2301,392.75859805990086,2027-10-07
2302,393.4593186081347,2027-10-08
2303,383.7175529711846,2027-09-24
2304,391.54628040326304,2027-10-06
2305,389.54736428153626,2027-10-04
2306,395.62218185353373,2027-10-12
2307,395.9554312947836,2027-10-12
2308,396.305791770446,2027-10-13
2309,381.17509342636475,2027-09-22
2310,402.4868559869106,2027-10-21
2311,394.5017686033186,2027-10-11
2312,398.7670531272584,2027-10-15
2313,394.8397099233419,2027-10-11
2314,406.3552793867295,2027-10-27
2315,395.8718681319597,2027-10-12
2316,386.0229653352604,2027-09-29
2317,391.0404666930062,2027-10-06
2318,385.4741481632849,2027-09-28
2319,387.9007420752776,2027-09-30
2320,395.0618123804339,2027-10-12
2321,389.2632334169721,2027-10-04
2322,394.74172102905845,2027-10-11
2323,391.3653158118363,2027-10-06
2324,389.75588534480784,2027-10-04
2325,401.4791998771297,2027-10-20
2326,393.45298036708226,2027-10-08
2327,392.3725759182262,2027-10-07
2328,387.7729520589126,2027-09-30
2329,386.95011260549074,2027-09-29
2330,389.9056625489592,2027-10-04
2331,395.2015765731484,2027-10-12
2332,389.81950114374257,2027-10-04
2333,393.719013094746,2027-10-08
2334,400.0229485806338,2027-10-19
2335,384.10141901668703,2027-09-27
2336,392.06539647586084,2027-10-07
2337,392.75313254012724,2027-10-07
2338,396.94339498343595,2027-10-13
2339,391.4084824049061,2027-10-06
2340,392.157474493137,2027-10-07
2341,399.40066898984367,2027-10-18
2342,392.21275848787405,2027-10-07
2343,398.03320327309916,2027-10-15
2344,390.59921946288387,2027-10-05
2345,395.28955590368787,2027-10-12
2346,393.40360091064264,2027-10-08
2347,388.911246564841,2027-10-01
2348,389.2030129519409,2027-10-04
2349,402.11319186266456,2027-10-21
2350,393.74021376253586,2027-10-08
2351,395.3624619049748,2027-10-12
2352,395.10937190944384,2027-10-12
2353,386.4041034137491,2027-09-29
2354,385.92931478205657,2027-09-28
2355,386.217996370088,2027-09-29
2356,392.88356455798913,2027-10-07
2357,390.2581771775258,2027-10-05
2358,391.94940928981987,2027-10-06
2359,393.7278032348664,2027-10-08
2360,393.7289642669687,2027-10-08
2361,391.46092399432854,2027-10-06
2362,392.19452950761587,2027-10-07
2363,392.92117645273703,2027-10-07
2364,395.61378905632563,2027-10-12
2365,400.97984337921224,2027-10-19
2366,393.5331629705492,2027-10-08
2367,386.48537992804836,2027-09-29
2368,395.40435593885053,2027-10-12
2369,397.43288204705357,2027-10-14
2370,396.65013146670367,2027-10-13
2371,397.56587039696535,2027-10-14
2372,393.65346831758103,2027-10-08
2373,396.34483683615093,2027-10-13
2374,404.7875951022995,2027-10-25
2375,380.680965649382,2027-09-21
2376,408.0062505200513,2027-10-29
2377,391.8670071292588,2027-10-06
2378,389.3160320119193,2027-10-04
2379,393.6106004997636,2027-10-08
2380,397.8624123677449,2027-10-14
2381,392.7215001092281,2027-10-07
2382,398.38964956736964,2027-10-15
2383,395.58924742776964,2027-10-12
2384,396.4754853082377,2027-10-13
2385,395.3949377451525,2027-10-12
2386,384.2994480042776,2027-09-27
2387,404.31847720878045,2027-10-25
2388,390.0590967447278,2027-10-05
2389,388.3327053507462,2027-10-01
2390,391.91787203309667,2027-10-06
2391,390.54086912326534,2027-10-05
2392,391.14282253265964,2027-10-06
2393,403.0418005346126,2027-10-22
2394,386.8291620368869,2027-09-29
2395,390.97058215391496,2027-10-05
2396,391.34529733240606,2027-10-06
2397,397.12764520995626,2027-10-14
2398,399.39052058251724,2027-10-18
2399,404.1386302062347,2027-10-25
2400,394.3466156245361,2027-10-11
2401,391.9202928642641,2027-10-06
2402,398.9133038175709,2027-10-15
2403,389.3526090430497,2027-10-04
2404,389.0843527919701,2027-10-04
2405,390.2238543224356,2027-10-05
2406,397.4636434202947,2027-10-14
2407,403.4042873465596,2027-10-22
2408,386.6773002905045,2027-09-29
2409,387.6325270120663,2027-09-30
2410,392.18532764334225,2027-10-07
2411,390.7622573610423,2027-10-05
2412,393.9346959293005,2027-10-08
2413,388.7078576795831,2027-10-01
2414,390.2007027283646,2027-10-05
2415,388.5666517139188,2027-10-01
2416,392.3189874221204,2027-10-07
2417,390.87995273426026,2027-10-05
2418,393.9041326935147,2027-10-08
2419,386.6739585271793,2027-09-29
2420,397.7367997841967,2027-10-14
2421,390.8227302971544,2027-10-05
2422,382.67931407770385,2027-09-23
2423,394.9839550408964,2027-10-11
2424,392.8846075673508,2027-10-07
2425,398.76807630676666,2027-10-15
2426,393.81503124611714,2027-10-08
2427,395.14577208519006,2027-10-12
2428,392.09049911117575,2027-10-07
2429,395.07269652431,2027-10-12
2430,386.77701705915155,2027-09-29
2431,400.55894230714375,2027-10-19
2432,387.3937378755655,2027-09-30
2433,394.6132238136901,2027-10-11
2434,388.97072250930955,2027-10-01
2435,386.76742971928576,2027-09-29
2436,390.9339954070489,2027-10-05
2437,389.8449863587062,2027-10-04
2438,393.41455700524017,2027-10-08
2439,390.7705850504792,2027-10-05
2440,388.0306083184105,2027-10-01
2441,394.68629779523854,2027-10-11
2442,390.1393012549563,2027-10-05
2443,390.0048192339053,2027-10-05
2444,390.222148848598,2027-10-05
2445,391.94187764200234,2027-10-06
2446,394.7257565559228,2027-10-11
2447,392.04835482247,2027-10-07
2448,394.5539129479858,2027-10-11
2449,385.4619238815862,2027-09-28
2450,402.07024368289905,2027-10-21
2451,387.9639441062443,2027-09-30
2452,397.69093478142804,2027-10-14
2453,391.84506666366707,2027-10-06
2454,392.7485012138861,2027-10-07
2455,388.4170589622829,2027-10-01
2456,391.26067823895505,2027-10-06
2457,394.0538839933656,2027-10-11
2458,393.5656334992004,2027-10-08
2459,389.3125243125509,2027-10-04
2460,391.7419842662812,2027-10-06
2461,391.52472630041484,2027-10-06
2462,386.8107024333362,2027-09-29
2463,394.1299559034261,2027-10-11
2464,394.18488857414724,2027-10-11
2465,394.5436416201111,2027-10-11
2466,398.16183063005377,2027-10-15
2467,386.53387306437946,2027-09-29
2468,388.5415661592241,2027-10-01
2469,394.384620614319,2027-10-11
2470,396.4624499395407,2027-10-13
2471,389.20860120807833,2027-10-04
2472,389.8451933189158,2027-10-04
2473,392.7473563823025,2027-10-07
2474,391.0592028327433,2027-10-06
2475,388.4511965641742,2027-10-01
2476,395.81178113127766,2027-10-12
2477,391.5352689467851,2027-10-06
2478,398.2214144375784,2027-10-15
2479,390.8030331702197,2027-10-05
2480,392.17368496989496,2027-10-07
2481,393.7811895020688,2027-10-08
2482,396.6839695793028,2027-10-13
2483,390.66675914445216,2027-10-05
2484,401.67354481228824,2027-10-20
2485,389.7762820477932,2027-10-04
2486,388.21044388459563,2027-10-01
2487,384.55041002219224,2027-09-27
2488,390.71985907254356,2027-10-05
2489,386.2076944311001,2027-09-29
2490,400.004213119473,2027-10-19
2491,393.4252670837742,2027-10-08
2492,400.0778359094887,2027-10-19
2493,399.0377338993672,2027-10-18
2494,402.8589490606755,2027-10-21
2495,395.4097670744768,2027-10-12
2496,388.36607501044404,2027-10-01
2497,390.1874361977991,2027-10-05
2498,390.17859553803936,2027-10-05
2499,390.5511799956458,2027-10-05
2500,395.5143329686397,2027-10-12
2501,393.533734037001,2027-10-08
2502,390.96566923628495,2027-10-05
2503,382.3600417839157,2027-09-23
2504,383.3053208697155,2027-09-24
2505,395.09874732159625,2027-10-12
2506,393.7321993608013,2027-10-08
2507,397.8829137309688,2027-10-14
2508,392.3101339045771,2027-10-07
2509,407.8272930428647,2027-10-28
2510,394.08549079208245,2027-10-11
2511,387.606451121846,2027-09-30
2512,386.8937429049938,2027-09-29
2513,397.8467945159129,2027-10-14
2514,393.7332574729703,2027-10-08
2515,389.22377059491004,2027-10-04
2516,393.69716275675387,2027-10-08
2517,397.59151083243,2027-10-14
2518,386.5780039451448,2027-09-29
2519,400.18247105025955,2027-10-19
2520,394.21275497293783,2027-10-11
2521,391.85899596822435,2027-10-06
2522,386.83350229312333,2027-09-29
2523,386.29771260449627,2027-09-29
2524,393.7960415132821,2027-10-08
2525,388.92675404514836,2027-10-01
2526,396.05158817618553,2027-10-13
2527,388.70306796157286,2027-10-01
2528,390.43429274897574,2027-10-05
2529,396.0464565396107,2027-10-13
2530,393.7433326116721,2027-10-08
2531,397.6477512560954,2027-10-14
2532,396.3889949796236,2027-10-13
2533,394.5971940253148,2027-10-11
2534,395.3842200242351,2027-10-12
2535,397.6251897063084,2027-10-14
2536,398.6479927007387,2027-10-15
2537,391.9210077119928,2027-10-06
2538,388.6332071647886,2027-10-01
2539,391.5641057297405,2027-10-06
2540,403.6831114159538,2027-10-22
2541,387.99396507280477,2027-09-30
2542,400.0711655264486,2027-10-19
2543,393.89923844508945,2027-10-08
2544,397.9260120065797,2027-10-14
2545,396.34172794036255,2027-10-13
2546,395.27624810042266,2027-10-12
2547,402.41386012627737,2027-10-21
2548,397.791853492334,2027-10-14
2549,402.5893338042003,2027-10-21
2550,393.3565593711243,2027-10-08
2551,393.7440688819281,2027-10-08
2552,391.0713637489907,2027-10-06
2553,400.7034939314934,2027-10-19
2554,397.02545738178964,2027-10-14
2555,393.1976923008064,2027-10-08
2556,398.54559107704324,2027-10-15
2557,393.01771388675456,2027-10-08
2558,395.29010735670875,2027-10-12
2559,404.52033675690376,2027-10-25
2560,389.206761517403,2027-10-04
2561,387.66930174549685,2027-09-30
2562,388.8192428609583,2027-10-01
2563,394.2692940744437,2027-10-11
2564,398.40264960260834,2027-10-15
2565,389.4072560931032,2027-10-04
2566,395.2263574811702,2027-10-12
2567,389.4767649378792,2027-10-04
2568,389.5872504994918,2027-10-04
2569,391.77476312836734,2027-10-06
2570,397.2028024761717,2027-10-14
2571,400.1141789951359,2027-10-19
2572,394.0090093320091,2027-10-11
2573,402.2248299723273,2027-10-21
2574,395.71896107687473,2027-10-12
2575,392.67195374295295,2027-10-07
2576,395.32525911246614,2027-10-12
2577,391.809181539126,2027-10-06
2578,394.9294283693366,2027-10-11
2579,390.45499660398866,2027-10-05
2580,392.34130137802384,2027-10-07
2581,391.3893012020889,2027-10-06
2582,398.61332590361206,2027-10-15
2583,396.87410928195203,2027-10-13
2584,389.6771834198525,2027-10-04
2585,391.85873991042587,2027-10-06
2586,391.58665121066326,2027-10-06
2587,395.0717748363324,2027-10-12
2588,393.2685651126083,2027-10-08
2589,394.2638504503647,2027-10-11
2590,389.01719712948284,2027-10-04
2591,388.24026704451535,2027-10-01
2592,391.3468245772871,2027-10-06
2593,395.94476478222214,2027-10-12
2594,391.05260733714397,2027-10-06
2595,395.4433602904427,2027-10-12
2596,393.97040249042493,2027-10-08
2597,396.4421023253053,2027-10-13
2598,390.2259338058771,2027-10-05
2599,396.4795433598371,2027-10-13
2600,396.84430463520397,2027-10-13
2601,403.0937372654093,2027-10-22
2602,387.06423918569936,2027-09-30
2603,395.54032665498653,2027-10-12
2604,403.6073593591327,2027-10-22
2605,392.2044804721764,2027-10-07
2606,394.8927355320367,2027-10-11
2607,406.9075843464596,2027-10-27
2608,394.8285994725354,2027-10-11
2609,399.854399176311,2027-10-18
2610,397.57164025729764,2027-10-14
2611,390.8645913742153,2027-10-05
2612,394.99137133379895,2027-10-11
2613,399.2028606509308,2027-10-18
2614,393.8822278464109,2027-10-08
2615,382.9985968892201,2027-09-23
2616,397.7536388659085,2027-10-14
2617,393.17036489232044,2027-10-08
2618,381.7861511920068,2027-09-22
2619,385.86236663130944,2027-09-28
2620,391.0265101079534,2027-10-06
2621,399.410386923306,2027-10-18
2622,395.69806665218607,2027-10-12
2623,397.35330320470626,2027-10-14
2624,392.74379035866696,2027-10-07
2625,394.24869128061016,2027-10-11
2626,392.86067854660416,2027-10-07
2627,386.28858668954103,2027-09-29
2628,394.227579449949,2027-10-11
2629,391.74842134937177,2027-10-06
2630,401.319507228641,2027-10-20
2631,396.31128159501264,2027-10-13
2632,393.8897354372781,2027-10-08
2633,392.6237299384597,2027-10-07
2634,383.9476248913163,2027-09-24
2635,391.77726369611617,2027-10-06
2636,392.74863684142116,2027-10-07
2637,397.0220771067402,2027-10-14
2638,397.054409114354,2027-10-14
2639,391.84051609385034,2027-10-06
2640,399.0019081295704,2027-10-18
2641,386.1346804578249,2027-09-29
2642,388.57288667003417,2027-10-01
2643,394.4540027840719,2027-10-11
2644,390.7376908636624,2027-10-05
2645,384.3932125178302,2027-09-27
2646,395.4556203874796,2027-10-12
2647,394.47959377954044,2027-10-11
2648,398.92683045248384,2027-10-15
2649,394.43092775756384,2027-10-11
2650,393.600564477943,2027-10-08
2651,390.74148376623856,2027-10-05
2652,394.9099739351458,2027-10-11
2653,394.27792215249764,2027-10-11
2654,397.0364475828259,2027-10-14
2655,393.9692873409519,2027-10-08
2656,393.7414891889444,2027-10-08
2657,384.604676478115,2027-09-27
2658,394.5059613587131,2027-10-11
2659,398.9174508484533,2027-10-15
2660,391.3380351284421,2027-10-06
2661,391.5794219528963,2027-10-06
2662,394.80106420076254,2027-10-11
2663,391.6988941898457,2027-10-06
2664,394.284740497469,2027-10-11
2665,393.9156656949634,2027-10-08
2666,402.53123474383165,2027-10-21
2667,394.5824072393958,2027-10-11
2668,393.85448420777857,2027-10-08
2669,390.459846841595,2027-10-05
2670,395.38763919338425,2027-10-12
2671,391.243341696972,2027-10-06
2672,394.88362812408826,2027-10-11
2673,397.19847127022547,2027-10-14
2674,399.2842095939308,2027-10-18
2675,395.6349914152334,2027-10-12
2676,389.25019207315773,2027-10-04
2677,387.83049179381504,2027-09-30
2678,394.4275360298403,2027-10-11
2679,391.7714957567085,2027-10-06
2680,398.40130684829904,2027-10-15
2681,392.75602457723096,2027-10-07
2682,394.97015551137133,2027-10-11
2683,391.0271408212295,2027-10-06
2684,390.6143549785205,2027-10-05
2685,393.3185579017367,2027-10-08
2686,392.2410399531712,2027-10-07
2687,388.30150247019134,2027-10-01
2688,393.2501250636989,2027-10-08
2689,392.8821063007475,2027-10-07
2690,401.3486547203223,2027-10-20
2691,391.8955021537252,2027-10-06
2692,392.88790815047565,2027-10-07
2693,393.6028232125133,2027-10-08
2694,393.45077705453645,2027-10-08
2695,392.9659286246241,2027-10-07
2696,392.60932028447303,2027-10-07
2697,405.49294372682874,2027-10-26
2698,402.0324984063629,2027-10-21
2699,390.02364484221573,2027-10-05
2700,404.36919501560936,2027-10-25
2701,395.8097926082466,2027-10-12
2702,390.25848332742993,2027-10-05
2703,392.7378520909459,2027-10-07
2704,396.0191872452282,2027-10-13
2705,393.318145820326,2027-10-08
2706,392.15636609680286,2027-10-07
2707,396.51950246008334,2027-10-13
2708,394.1269085752296,2027-10-11
2709,391.22600156642244,2027-10-06
2710,393.5826204401019,2027-10-08
2711,389.8814433052467,2027-10-04
2712,390.1266868221083,2027-10-05
2713,392.5700102163847,2027-10-07
2714,396.9309256669277,2027-10-13
2715,393.80960057714015,2027-10-08
2716,394.32042095827114,2027-10-11
2717,391.93097980221825,2027-10-06
2718,382.83527372897356,2027-09-23
2719,397.7251383185714,2027-10-14
2720,396.78196324911886,2027-10-13
2721,390.7151162784717,2027-10-05
2722,389.6976467949879,2027-10-04
2723,394.9951662488666,2027-10-11
2724,389.73064622512203,2027-10-04
2725,390.8738702142664,2027-10-05
2726,392.35353697526654,2027-10-07
2727,400.21438171994396,2027-10-19
2728,393.46894848034145,2027-10-08
2729,400.1686176465591,2027-10-19
2730,399.6237012754661,2027-10-18
2731,390.6680552238775,2027-10-05
2732,398.5774053232632,2027-10-15
2733,394.61041492976125,2027-10-11
2734,393.628013593255,2027-10-08
2735,391.3114349292862,2027-10-06
2736,394.17130026579605,2027-10-11
2737,382.89945918323923,2027-09-23
2738,396.32016253035965,2027-10-13
2739,391.40545739663446,2027-10-06
2740,397.3457408640037,2027-10-14
2741,398.8477983383674,2027-10-15
2742,386.7549492651756,2027-09-29
2743,393.0508367544245,2027-10-08
2744,399.07759150234637,2027-10-18
2745,401.95708591140686,2027-10-20
2746,393.4661101789574,2027-10-08
2747,387.2501783566702,2027-09-30
2748,394.20235824621096,2027-10-11
2749,393.4372727752037,2027-10-08
2750,394.8264854790941,2027-10-11
2751,400.7971508108552,2027-10-19
2752,395.64961658430053,2027-10-12
2753,396.6893575474297,2027-10-13
2754,387.0032563485188,2027-09-30
2755,394.8732472243419,2027-10-11
2756,394.74243075630073,2027-10-11
2757,388.62779827392575,2027-10-01
2758,402.16188794165527,2027-10-21
2759,391.5661421957307,2027-10-06
2760,387.96911602165727,2027-09-30
2761,385.2924964904702,2027-09-28
2762,394.2501622948987,2027-10-11
2763,394.01695617879056,2027-10-11
2764,394.56917794057705,2027-10-11
2765,399.450363914545,2027-10-18
2766,394.1868991512946,2027-10-11
2767,401.23248403505113,2027-10-20
2768,395.454101989825,2027-10-12
2769,396.723717624324,2027-10-13
2770,387.73987366120605,2027-09-30
2771,388.904530052965,2027-10-01
2772,396.20300740913456,2027-10-13
2773,394.0932367799639,2027-10-11
2774,393.26428942111545,2027-10-08
2775,397.0060209400883,2027-10-14
2776,391.9284368388693,2027-10-06
2777,386.85812859023764,2027-09-29
2778,389.96042288049154,2027-10-04
2779,397.190418678951,2027-10-14
2780,388.3899062059431,2027-10-01
2781,397.26901062674517,2027-10-14
2782,401.4403411676633,2027-10-20
2783,395.73131911642565,2027-10-12
2784,391.3821715483049,2027-10-06
2785,400.7313619512996,2027-10-19
2786,384.4413528020043,2027-09-27
2787,396.36881529253174,2027-10-13
2788,391.5536815013173,2027-10-06
2789,402.45927339584193,2027-10-21
2790,393.2708102012099,2027-10-08
2791,392.3590578505331,2027-10-07
2792,401.3548960692405,2027-10-20
2793,390.8752075581783,2027-10-05
2794,386.2560003705941,2027-09-29
2795,391.397014477453,2027-10-06
2796,390.860812222268,2027-10-05
2797,402.0832340712195,2027-10-21
2798,398.8566736892714,2027-10-15
2799,394.9587436883908,2027-10-11
2800,387.3096384484939,2027-09-30
2801,391.5294055555896,2027-10-06
2802,392.17873516012787,2027-10-07
2803,393.2295625607143,2027-10-08
2804,393.02034707072124,2027-10-08
2805,396.45332257231473,2027-10-13
2806,392.1450728003413,2027-10-07
2807,403.4933855817928,2027-10-22
2808,384.49499929297434,2027-09-27
2809,395.90631939316603,2027-10-12
2810,395.62199550723153,2027-10-12
2811,392.50254853528463,2027-10-07
2812,389.4294855186746,2027-10-04
2813,388.8097017956739,2027-10-01
2814,392.67230142948387,2027-10-07
2815,402.18416296095563,2027-10-21
2816,393.98264829553636,2027-10-08
2817,402.43460630212576,2027-10-21
2818,391.1160504928475,2027-10-06
2819,391.9090137309853,2027-10-06
2820,392.1145284763544,2027-10-07
2821,394.39111285201864,2027-10-11
2822,390.2289660566196,2027-10-05
2823,393.44643806699554,2027-10-08
2824,388.68320942864733,2027-10-01
2825,390.13143264224266,2027-10-05
2826,392.4254762668588,2027-10-07
2827,384.0404772846833,2027-09-27
2828,400.6059849297202,2027-10-19
2829,394.41818746749544,2027-10-11
2830,396.7245697147937,2027-10-13
2831,386.13077326530174,2027-09-29
2832,390.9885262076099,2027-10-05
2833,398.0306881474687,2027-10-15
2834,392.6183635963968,2027-10-07
2835,391.73550989458363,2027-10-06
2836,394.0572473234261,2027-10-11
2837,394.3565917923793,2027-10-11
2838,394.66357304428203,2027-10-11
2839,395.08692427939286,2027-10-12
2840,390.5421227637781,2027-10-05
2841,390.78637784773247,2027-10-05
2842,390.15693575870654,2027-10-05
2843,384.8821340552602,2027-09-27
2844,391.1376793107818,2027-10-06
2845,389.41991549077613,2027-10-04
2846,400.87752594416776,2027-10-19
2847,394.3886225759738,2027-10-11
2848,398.0206289304475,2027-10-15
2849,385.32874069877204,2027-09-28
2850,388.2019657528716,2027-10-01
2851,401.5871047949666,2027-10-20
2852,397.14940463535095,2027-10-14
2853,392.9102542040659,2027-10-07
2854,398.8414752105961,2027-10-15
2855,399.6383564421884,2027-10-18
2856,392.19808796980715,2027-10-07
2857,397.73984012631763,2027-10-14
2858,399.10343653561785,2027-10-18
2859,397.15824497744575,2027-10-14
2860,389.57194603344226,2027-10-04
2861,386.17541114906817,2027-09-29
2862,396.2952166406406,2027-10-13
2863,383.8233122070166,2027-09-24
2864,388.7476701880764,2027-10-01
2865,392.5488450185932,2027-10-07
2866,395.66744631634896,2027-10-12
2867,390.901692747668,2027-10-05
2868,398.32018256631795,2027-10-15
2869,392.4215430136193,2027-10-07
2870,386.65644504406094,2027-09-29
2871,386.2900120649322,2027-09-29
2872,393.7635375612081,2027-10-08
2873,388.6031200056666,2027-10-01
2874,386.6214383892753,2027-09-29
2875,389.2519899441209,2027-10-04
2876,399.53877790636466,2027-10-18
2877,388.53135483596856,2027-10-01
2878,399.88876563017647,2027-10-18
2879,392.36959979388496,2027-10-07
2880,393.3347021669596,2027-10-08
2881,398.634213701877,2027-10-15
2882,392.61882900939725,2027-10-07
2883,395.99407294035547,2027-10-12
2884,391.92421233249996,2027-10-06
2885,388.3853192441603,2027-10-01
2886,390.0123515670248,2027-10-05
2887,400.59626462930726,2027-10-19
2888,399.25198916275565,2027-10-18
2889,392.1955741686189,2027-10-07
2890,394.0299615810025,2027-10-11
2891,388.6977498912244,2027-10-01
2892,390.832402011799,2027-10-05
2893,394.23155200097926,2027-10-11
2894,391.7625713054926,2027-10-06
2895,392.5201920534888,2027-10-07
2896,382.1767286765644,2027-09-23
2897,392.17497048251784,2027-10-07
2898,392.74378814587925,2027-10-07
2899,391.5615873774761,2027-10-06
2900,392.67843159165676,2027-10-07
2901,397.20926156706656,2027-10-14
2902,389.24262531994117,2027-10-04
2903,393.4382813606442,2027-10-08
2904,396.2534798133373,2027-10-13
2905,397.7549509671825,2027-10-14
2906,396.5746682748733,2027-10-13
2907,388.63230030172065,2027-10-01
2908,387.00718103699813,2027-09-30
2909,392.44607025861916,2027-10-07
2910,396.56588504006754,2027-10-13
2911,391.4001549273472,2027-10-06
2912,396.0841093336977,2027-10-13
2913,390.72251970253444,2027-10-05
2914,395.89584955189576,2027-10-12
2915,393.9895155169829,2027-10-08
2916,398.1541647920859,2027-10-15
2917,388.83291911890365,2027-10-01
2918,389.20706038892473,2027-10-04
2919,390.6184514312287,2027-10-05
2920,393.3127779681153,2027-10-08
2921,389.2861159206862,2027-10-04
2922,391.2763253220985,2027-10-06
2923,387.9823431894868,2027-09-30
2924,391.60483257830805,2027-10-06
2925,384.4370253931327,2027-09-27
2926,401.3301272927511,2027-10-20
2927,386.81544058556165,2027-09-29
2928,386.74356702582,2027-09-29
2929,401.76748625050607,2027-10-20
2930,394.1314499088738,2027-10-11
2931,394.2083314270306,2027-10-11
2932,392.87087459664286,2027-10-07
2933,398.4058205422696,2027-10-15
2934,396.32199297578865,2027-10-13
2935,398.91866522740844,2027-10-15
2936,383.53476248962727,2027-09-24
2937,389.44111660970304,2027-10-04
2938,391.85025033379225,2027-10-06
2939,391.09449504875727,2027-10-06
2940,399.13749779080615,2027-10-18
2941,392.3698946941417,2027-10-07
2942,399.2922155724915,2027-10-18
2943,390.19371530054025,2027-10-05
2944,386.87576734224206,2027-09-29
2945,390.3084287313204,2027-10-05
2946,400.96534478245513,2027-10-19
2947,394.81436314629394,2027-10-11
2948,393.15236019072887,2027-10-08
2949,391.18631383904875,2027-10-06
2950,393.4083953111441,2027-10-08
2951,394.36798622320885,2027-10-11
2952,391.3119700718737,2027-10-06
2953,393.3202548203574,2027-10-08
2954,395.91302939882775,2027-10-12
2955,391.47869114872356,2027-10-06
2956,393.7054984315509,2027-10-08
2957,390.39193153421076,2027-10-05
2958,394.27870360374624,2027-10-11
2959,390.22027253830777,2027-10-05
2960,399.774848665959,2027-10-18
2961,397.9189919796966,2027-10-14
2962,391.1152691634134,2027-10-06
2963,394.8433548718551,2027-10-11
2964,402.4309869660966,2027-10-21
2965,389.1824837186988,2027-10-04
2966,392.0422538648577,2027-10-07
2967,397.09052192096465,2027-10-14
2968,395.31691442308534,2027-10-12
2969,399.6757702377378,2027-10-18
2970,390.32345374337615,2027-10-05
2971,402.7813966033458,2027-10-21
2972,391.302581641141,2027-10-06
2973,399.3290465599981,2027-10-18
2974,397.6525201961033,2027-10-14
2975,395.6964029356787,2027-10-12
2976,395.62073672814853,2027-10-12
2977,391.8981299397923,2027-10-06
2978,392.1620119464148,2027-10-07
2979,398.1735106831396,2027-10-15
2980,398.34458694375803,2027-10-15
2981,390.50068430433043,2027-10-05
2982,387.45563079853173,2027-09-30
2983,392.7362529169707,2027-10-07
2984,391.15738328344884,2027-10-06
2985,393.67046211008494,2027-10-08
2986,391.4388290901348,2027-10-06
2987,396.3003827324073,2027-10-13
2988,388.6986010969742,2027-10-01
2989,395.9750654759497,2027-10-12
2990,386.7139338854766,2027-09-29
2991,405.1491375641708,2027-10-26
2992,387.8308159354466,2027-09-30
2993,398.88574967322853,2027-10-15
2994,396.20701882580187,2027-10-13
2995,389.8370206122381,2027-10-04
2996,390.04168710392196,2027-10-05
2997,404.393108633192,2027-10-25
2998,394.07839454605005,2027-10-11
2999,401.6461146981852,2027-10-20
3000,404.63263849616425,2027-10-25
3001,390.9547200865486,2027-10-05
3002,391.1466006774834,2027-10-06
3003,393.15656812927494,2027-10-08
3004,396.39856419863196,2027-10-13
3005,387.9546572068195,2027-09-30
3006,393.8134415024681,2027-10-08
3007,391.8191678336658,2027-10-06
3008,395.13695143888856,2027-10-12
3009,381.5140905415594,2027-09-22
3010,396.0167106791651,2027-10-13
3011,402.9829312254906,2027-10-21
3012,394.20678303251356,2027-10-11
3013,395.13399770463826,2027-10-12
3014,393.6198218713308,2027-10-08
3015,394.7581107926571,2027-10-11
3016,392.38386933563584,2027-10-07
3017,410.82232789942384,2027-11-02
3018,399.20395538209465,2027-10-18
3019,392.53896355285684,2027-10-07
3020,392.212174601982,2027-10-07
3021,393.3583487326079,2027-10-08
3022,389.52867437600383,2027-10-04
3023,394.36984116224886,2027-10-11
3024,391.41801063039753,2027-10-06
3025,389.74803764960546,2027-10-04
3026,385.4828057863466,2027-09-28
3027,395.1954619227492,2027-10-12
3028,388.5068517904852,2027-10-01
3029,391.80658025932985,2027-10-06
3030,382.88695173642367,2027-09-23
3031,395.21949397911465,2027-10-12
3032,389.38198468030646,2027-10-04
3033,396.50162631554576,2027-10-13
3034,387.06547753330267,2027-09-30
3035,396.76176778427174,2027-10-13
3036,387.07510537704366,2027-09-30
3037,392.43732918164903,2027-10-07
3038,401.2098009182269,2027-10-20
3039,395.283273589604,2027-10-12
3040,398.22544812310963,2027-10-15
3041,389.53551079097156,2027-10-04
3042,390.0210172625616,2027-10-05
3043,399.65609596164353,2027-10-18
3044,403.1442910130581,2027-10-22
3045,386.5384072817625,2027-09-29
3046,406.0933274386089,2027-10-27
3047,395.8684010548708,2027-10-12
3048,395.0502280542168,2027-10-12
3049,391.24024068393675,2027-10-06
3050,392.1452526226322,2027-10-07
3051,394.82646027045905,2027-10-11
3052,397.8820810898603,2027-10-14
3053,395.90058400665623,2027-10-12
3054,392.64151483003286,2027-10-07
3055,397.13994800069173,2027-10-14
3056,390.3244220990226,2027-10-05
3057,390.4803248863554,2027-10-05
3058,397.277020598271,2027-10-14
3059,397.65380004019005,2027-10-14
3060,389.7786627567709,2027-10-04
3061,389.9467072278055,2027-10-04
3062,394.3173127315697,2027-10-11
3063,390.0690303065649,2027-10-05
3064,390.7285695357202,2027-10-05
3065,395.21631148795257,2027-10-12
3066,398.09412724257635,2027-10-15
3067,395.11749812739214,2027-10-12
3068,394.405622161319,2027-10-11
3069,406.8188052886003,2027-10-27
3070,403.86783647790014,2027-10-22
3071,387.7690020701564,2027-09-30
3072,394.84239132363797,2027-10-11
3073,391.49488854274364,2027-10-06
3074,400.33214400959037,2027-10-19
3075,396.6936417808321,2027-10-13
3076,393.38864809228755,2027-10-08
3077,391.1122751395469,2027-10-06
3078,387.79646564551615,2027-09-30
3079,389.25218396251387,2027-10-04
3080,386.7922785827674,2027-09-29
3081,400.0246274595682,2027-10-19
3082,393.44091549398007,2027-10-08
3083,390.01371726426106,2027-10-05
3084,398.912241086638,2027-10-15
3085,396.96768266918565,2027-10-13
3086,402.37830900530525,2027-10-21
3087,395.9361181966987,2027-10-12
3088,394.1003482312835,2027-10-11
3089,390.6467963883123,2027-10-05
3090,389.5618526213675,2027-10-04
3091,390.5055841301033,2027-10-05
3092,396.9501235243516,2027-10-13
3093,390.98739561023154,2027-10-05
3094,390.8731358348593,2027-10-05
3095,390.24857534489513,2027-10-05
3096,396.9491919871199,2027-10-13
3097,394.132529385986,2027-10-11
3098,392.4466971618389,2027-10-07
3099,396.0407407568235,2027-10-13
3100,399.3869981625549,2027-10-18
3101,388.5972179551936,2027-10-01
3102,401.92339296896847,2027-10-20
3103,391.5103841177801,2027-10-06
3104,397.45817810041234,2027-10-14
3105,392.4122204402979,2027-10-07
3106,394.4595733186324,2027-10-11
3107,388.4872732479015,2027-10-01
3108,394.77031692465636,2027-10-11
3109,397.88521165699876,2027-10-14
3110,389.72576139759605,2027-10-04
3111,390.2550297619149,2027-10-05
3112,395.5978114168578,2027-10-12
3113,385.3024711561401,2027-09-28
3114,395.4867105749416,2027-10-12
3115,386.32018171129954,2027-09-29
3116,397.5572226626719,2027-10-14
3117,398.16661724685474,2027-10-15
3118,384.34695246486416,2027-09-27
3119,400.0921665926428,2027-10-19
3120,396.9171075866258,2027-10-13
3121,393.3242594516939,2027-10-08
3122,384.2545906406961,2027-09-27
3123,391.8004537692975,2027-10-06
3124,392.84746365698317,2027-10-07
3125,394.3800019879074,2027-10-11
3126,393.6973538200213,2027-10-08
3127,403.71661520329434,2027-10-22
3128,392.33660398145526,2027-10-07
3129,393.33652178479235,2027-10-08
3130,393.70253128804626,2027-10-08
3131,402.34127764400733,2027-10-21
3132,399.7012398758695,2027-10-18
3133,391.2299467244183,2027-10-06
3134,396.34763182599795,2027-10-13
3135,395.35927262597994,2027-10-12
3136,390.23776337280054,2027-10-05
3137,397.4796700130312,2027-10-14
3138,395.26075258292553,2027-10-12
3139,391.47822221366044,2027-10-06
3140,389.1284147878268,2027-10-04
3141,393.8344766084942,2027-10-08
3142,394.30823708693794,2027-10-11
3143,389.877818766555,2027-10-04
3144,391.4930139758782,2027-10-06
3145,395.90497007217124,2027-10-12
3146,385.4351658299021,2027-09-28
3147,397.50319038133546,2027-10-14
3148,396.13702248985135,2027-10-13
3149,395.95879353063464,2027-10-12
3150,394.7564785606499,2027-10-11
3151,396.2690935308286,2027-10-13
3152,391.84023850225157,2027-10-06
3153,396.2258891889009,2027-10-13
3154,392.46795430771056,2027-10-07
3155,397.76967208846935,2027-10-14
3156,384.9057354091007,2027-09-27
3157,389.28978152368995,2027-10-04
3158,392.0091910975377,2027-10-07
3159,392.78622260195175,2027-10-07
3160,394.4918445915843,2027-10-11
3161,396.7920069672591,2027-10-13
3162,384.3980082712349,2027-09-27
3163,393.31318047413316,2027-10-08
3164,389.9324573206618,2027-10-04
3165,392.482035082361,2027-10-07
3166,389.71466616682653,2027-10-04
3167,396.76782770436466,2027-10-13
3168,394.444364094362,2027-10-11
3169,391.723119960352,2027-10-06
3170,394.00133684667037,2027-10-11
3171,390.2154848634412,2027-10-05
3172,388.1249946113134,2027-10-01
3173,392.56723215311206,2027-10-07
3174,396.4408986563036,2027-10-13
3175,392.9194208292136,2027-10-07
3176,401.24380785853543,2027-10-20
3177,387.85708523728306,2027-09-30
3178,402.27156110292276,2027-10-21
3179,393.2741509063485,2027-10-08
3180,391.66054541145184,2027-10-06
3181,385.5752417499589,2027-09-28
3182,387.1358125204944,2027-09-30
3183,392.6043733263436,2027-10-07
3184,406.8537719552978,2027-10-27
3185,393.9768120235145,2027-10-08
3186,396.6322049917181,2027-10-13
3187,397.1883529770707,2027-10-14
3188,383.82122509888916,2027-09-24
3189,397.9214517477624,2027-10-14
3190,394.0305268045296,2027-10-11
3191,388.3141223325414,2027-10-01
3192,393.39600133042387,2027-10-08
3193,390.82448966304895,2027-10-05
3194,397.8661093422939,2027-10-14
3195,404.4217575098951,2027-10-25
3196,398.4249285507483,2027-10-15
3197,388.71973338518404,2027-10-01
3198,385.7449714395431,2027-09-28
3199,394.6817902601124,2027-10-11
3200,398.2409111567069,2027-10-15
3201,392.23250104467627,2027-10-07
3202,393.3027068888327,2027-10-08
3203,389.15216200957104,2027-10-04
3204,391.5435430832946,2027-10-06
3205,381.33096228252117,2027-09-22
3206,405.3755720645833,2027-10-26
3207,399.1470705789676,2027-10-18
3208,390.3570131249452,2027-10-05
3209,399.85785330333897,2027-10-18
3210,390.6110949488831,2027-10-05
3211,395.9681301636821,2027-10-12
3212,406.29211205219565,2027-10-27
3213,394.32182050266266,2027-10-11
3214,390.7884285399506,2027-10-05
3215,398.37706388539164,2027-10-15
3216,396.500774267702,2027-10-13
3217,389.9580507159603,2027-10-04
3218,397.01045062236176,2027-10-14
3219,400.6655067022262,2027-10-19
3220,389.38895080039583,2027-10-04
3221,391.9416955838676,2027-10-06
3222,392.4619341772169,2027-10-07
3223,382.9975840066849,2027-09-23
3224,397.58874179373254,2027-10-14
3225,390.27471839975357,2027-10-05
3226,391.34324532020537,2027-10-06
3227,391.7378796498566,2027-10-06
3228,396.59348000059595,2027-10-13
3229,394.8356155191972,2027-10-11
3230,390.21318668366024,2027-10-05
3231,394.08041850521715,2027-10-11
3232,389.16334251613415,2027-10-04
3233,397.96239240018986,2027-10-14
3234,397.9878251277844,2027-10-14
3235,390.61207700806546,2027-10-05
3236,393.0505683607348,2027-10-08
3237,390.3581795317838,2027-10-05
3238,405.44807157488685,2027-10-26
3239,387.31436982782986,2027-09-30
3240,397.73136213729,2027-10-14
3241,400.349654740311,2027-10-19
3242,394.2143866970896,2027-10-11
3243,391.31603960943227,2027-10-06
3244,403.04402810042916,2027-10-22
3245,397.4713957403301,2027-10-14
3246,387.31882149700743,2027-09-30
3247,392.77114759428605,2027-10-07
3248,396.0457378892396,2027-10-13
3249,400.6511429691515,2027-10-19
3250,395.0254759208446,2027-10-12
3251,387.2161164336527,2027-09-30
3252,389.8716390443985,2027-10-04
3253,400.01886023522627,2027-10-19
3254,393.7989818138867,2027-10-08
3255,393.5135297053927,2027-10-08
3256,397.5003731542472,2027-10-14
3257,395.3482416042682,2027-10-12
3258,395.41871183864896,2027-10-12
3259,392.9380831130982,2027-10-07
3260,402.71470862114865,2027-10-21
3261,389.9032810346155,2027-10-04
3262,380.34262021419664,2027-09-21
3263,388.77132091979627,2027-10-01
3264,398.52318459410475,2027-10-15
3265,390.0015276054528,2027-10-05
3266,386.9294117850906,2027-09-29
3267,386.8747390242589,2027-09-29
3268,395.4006809459844,2027-10-12
3269,393.11248118585723,2027-10-08
3270,390.74126050434535,2027-10-05
3271,392.4698573481755,2027-10-07
3272,393.43943908870466,2027-10-08
3273,393.08414885737034,2027-10-08
3274,398.5923695090854,2027-10-15
3275,381.0382384073354,2027-09-22
3276,398.28291147607365,2027-10-15
3277,396.477835440396,2027-10-13
3278,394.40471359303126,2027-10-11
3279,393.50806611785686,2027-10-08
3280,395.0131389663823,2027-10-12
3281,397.7766555698811,2027-10-14
3282,392.66101674180493,2027-10-07
3283,390.14796307938303,2027-10-05
3284,391.304069697149,2027-10-06
3285,409.95780653650394,2027-11-01
3286,396.9002725915574,2027-10-13
3287,387.4202102219014,2027-09-30
3288,393.5088365223961,2027-10-08
3289,387.5972623943149,2027-09-30
3290,393.56801647793213,2027-10-08
3291,387.80592530951,2027-09-30
3292,390.3794637584786,2027-10-05
3293,389.3296409243095,2027-10-04
3294,397.3084076023466,2027-10-14
3295,398.86810521731485,2027-10-15
3296,382.78242694179005,2027-09-23
3297,387.6652463158284,2027-09-30
3298,393.75955225420194,2027-10-08
3299,387.9242225364371,2027-09-30
3300,400.7798642950436,2027-10-19
3301,385.4861054656459,2027-09-28
3302,396.47393121609326,2027-10-13
3303,391.5606736131134,2027-10-06
3304,399.5596808160475,2027-10-18
3305,396.40527320895245,2027-10-13
3306,402.7637775783309,2027-10-21
3307,389.27600550322074,2027-10-04
3308,391.0865145893315,2027-10-06
3309,393.7551910843031,2027-10-08
3310,386.9027588870311,2027-09-29
3311,391.41374997631283,2027-10-06
3312,394.8376343091791,2027-10-11
3313,402.21813658572285,2027-10-21
3314,384.2594939470888,2027-09-27
3315,392.944566131759,2027-10-07
3316,392.4481532418021,2027-10-07
3317,382.2661978662482,2027-09-23
3318,385.37645486956814,2027-09-28
3319,383.41049878959393,2027-09-24
3320,393.02064330204246,2027-10-08
3321,388.5778419421768,2027-10-01
3322,406.5244559813735,2027-10-27
3323,393.3175993208633,2027-10-08
3324,391.6092196475677,2027-10-06
3325,389.6923850183273,2027-10-04
3326,394.04842917436855,2027-10-11
3327,393.4942425376103,2027-10-08
3328,386.30641340424967,2027-09-29
3329,393.8808728071369,2027-10-08
3330,395.6226291209895,2027-10-12
3331,396.53024199396395,2027-10-13
3332,399.9241790878215,2027-10-18
3333,386.6739054623838,2027-09-29
3334,385.2333066491251,2027-09-28
3335,390.5916266751937,2027-10-05
3336,388.812185209576,2027-10-01
3337,393.0828665762507,2027-10-08
3338,384.23322291705887,2027-09-27
3339,399.2942610539511,2027-10-18
3340,400.1005870457668,2027-10-19
3341,392.3147191903065,2027-10-07
3342,392.0632398928431,2027-10-07
3343,392.50162744613874,2027-10-07
3344,390.38174336076906,2027-10-05
3345,393.3197451167936,2027-10-08
3346,383.9724383235005,2027-09-24
3347,407.91671158156737,2027-10-28
3348,390.1664538558852,2027-10-05
3349,395.43016847729325,2027-10-12
3350,387.7471162516708,2027-09-30
3351,389.006235948669,2027-10-04
3352,393.18072451674954,2027-10-08
3353,388.76380925353527,2027-10-01
3354,393.3358667007988,2027-10-08
3355,394.9499173590363,2027-10-11
3356,391.99067487997837,2027-10-06
3357,394.84877222799423,2027-10-11
3358,391.2733562213535,2027-10-06
3359,388.60735420548315,2027-10-01
3360,408.0146969327016,2027-10-29
3361,395.3070639095117,2027-10-12
3362,401.09590178428306,2027-10-20
3363,390.60245023444537,2027-10-05
3364,391.19461828594785,2027-10-06
3365,388.3111649192965,2027-10-01
3366,394.6785282348032,2027-10-11
3367,393.731877074639,2027-10-08
3368,392.7860102578089,2027-10-07
3369,396.6789494787786,2027-10-13
3370,398.9244239900878,2027-10-15
3371,408.01116374091134,2027-10-29
3372,396.07138385541816,2027-10-13
3373,396.2748441014513,2027-10-13
3374,396.0308640584777,2027-10-13
3375,391.55859423361,2027-10-06
3376,391.0917660381542,2027-10-06
3377,389.5633842406968,2027-10-04
3378,401.5116936601684,2027-10-20
3379,391.3672292153086,2027-10-06
3380,390.90758942021944,2027-10-05
3381,406.6848507412873,2027-10-27
3382,394.6897223682538,2027-10-11
3383,394.19477846343494,2027-10-11
3384,389.4858669870056,2027-10-04
3385,393.884861838436,2027-10-08
3386,387.0765516324641,2027-09-30
3387,413.58662050158574,2027-11-05
3388,395.57600695271617,2027-10-12
3389,401.8238807452029,2027-10-20
3390,394.5197247431513,2027-10-11
3391,399.6644934650106,2027-10-18
3392,395.1283798726746,2027-10-12
3393,393.8153872703353,2027-10-08
3394,396.666393068505,2027-10-13
3395,397.5231568844807,2027-10-14
3396,388.1404576637451,2027-10-01
3397,393.6641854816993,2027-10-08
3398,390.90983318627485,2027-10-05
3399,393.2181334571904,2027-10-08
3400,387.82107551426094,2027-09-30
3401,386.9553634588389,2027-09-29
3402,400.4173893103259,2027-10-19
3403,394.19572464000527,2027-10-11
3404,397.0521830878004,2027-10-14
3405,392.63317973305874,2027-10-07
3406,389.0172467173421,2027-10-04
3407,395.3096219483123,2027-10-12
3408,403.3089719829842,2027-10-22
3409,388.4459638421599,2027-10-01
3410,391.27768802055436,2027-10-06
3411,387.9746938932367,2027-09-30
3412,389.8464718994729,2027-10-04
3413,394.71211269851557,2027-10-11
3414,389.3957661363916,2027-10-04
3415,394.607253768926,2027-10-11
3416,387.9965336357438,2027-09-30
3417,385.22891002297507,2027-09-28
3418,393.4080915306339,2027-10-08
3419,400.4185223581365,2027-10-19
3420,390.7302259501988,2027-10-05
3421,394.0700096854478,2027-10-11
3422,390.59503135160236,2027-10-05
3423,385.3762142041403,2027-09-28
3424,395.35627726459256,2027-10-12
3425,391.0317054524288,2027-10-06
3426,394.22432977228766,2027-10-11
3427,396.1861996333371,2027-10-13
3428,393.11115688846803,2027-10-08
3429,388.0421026741194,2027-10-01
3430,392.3758533009407,2027-10-07
3431,399.2120700933234,2027-10-18
3432,398.94371979211127,2027-10-15
3433,395.9486280680633,2027-10-12
3434,400.64101586357793,2027-10-19
3435,390.8171285117778,2027-10-05
3436,394.20022751216675,2027-10-11
3437,396.1883911202624,2027-10-13
3438,403.63017335840897,2027-10-22
3439,395.8242197612659,2027-10-12
3440,391.6064229388955,2027-10-06
3441,399.59687200138006,2027-10-18
3442,391.89291493097375,2027-10-06
3443,396.2443463038371,2027-10-13
3444,394.26841978985624,2027-10-11
3445,396.67203424547057,2027-10-13
3446,392.38385509483726,2027-10-07
3447,396.9588369995644,2027-10-13
3448,396.53996596314545,2027-10-13
3449,393.556669916627,2027-10-08
3450,400.7299397928249,2027-10-19
3451,390.82016525039313,2027-10-05
3452,382.55660959448716,2027-09-23
3453,400.879579285682,2027-10-19
3454,387.37689292614454,2027-09-30
3455,395.4714428153294,2027-10-12
3456,391.35126137748085,2027-10-06
3457,391.49133578822796,2027-10-06
3458,392.24939095722806,2027-10-07
3459,386.62565085120315,2027-09-29
3460,388.2894176300928,2027-10-01
3461,385.2648646399392,2027-09-28
3462,396.53395203018016,2027-10-13
3463,398.1163640285076,2027-10-15
3464,390.16541936859977,2027-10-05
3465,389.5562756539146,2027-10-04
3466,396.7177541776903,2027-10-13
3467,387.92131924870364,2027-09-30
3468,393.5616165391281,2027-10-08
3469,390.75133604096175,2027-10-05
3470,391.78513647825815,2027-10-06
3471,388.4152666548859,2027-10-01
3472,388.92489487333853,2027-10-01
3473,395.48117612491217,2027-10-12
3474,400.3370445999415,2027-10-19
3475,390.77628193644074,2027-10-05
3476,394.170704554443,2027-10-11
3477,385.5197279737614,2027-09-28
3478,392.33845311859494,2027-10-07
3479,398.885512969149,2027-10-15
3480,405.0673623460655,2027-10-26
3481,391.7012207544226,2027-10-06
3482,388.2984933787694,2027-10-01
3483,388.3219604076822,2027-10-01
3484,392.0391184062864,2027-10-07
3485,395.7000495135959,2027-10-12
3486,395.6062941856088,2027-10-12
3487,395.6202077155308,2027-10-12
3488,391.84987598858237,2027-10-06
3489,395.08030870681796,2027-10-12
3490,388.0808357332782,2027-10-01
3491,393.44702871949676,2027-10-08
3492,387.68159789752895,2027-09-30
3493,385.888974912758,2027-09-28
3494,394.0810824133719,2027-10-11
3495,390.22816476975095,2027-10-05
3496,406.93659860006403,2027-10-27
3497,400.84152070145234,2027-10-19
3498,398.45879397601647,2027-10-15
3499,396.9196726356497,2027-10-13
3500,398.8689764650143,2027-10-15
3501,394.8516656789127,2027-10-11
3502,393.24861537596524,2027-10-08
3503,401.55314401877814,2027-10-20
3504,395.4528356720226,2027-10-12
3505,386.6898722154756,2027-09-29
3506,393.64975479984065,2027-10-08
3507,390.09163280449,2027-10-05
3508,407.0675375068855,2027-10-28
3509,392.53456989808745,2027-10-07
3510,392.57671863837896,2027-10-07
3511,398.14189159075806,2027-10-15
3512,387.89308450406565,2027-09-30
3513,394.4427749104335,2027-10-11
3514,392.09652013954747,2027-10-07
3515,391.66793330003065,2027-10-06
3516,394.6287348378683,2027-10-11
3517,396.47776975705267,2027-10-13
3518,394.05035216400205,2027-10-11
3519,388.98580861663237,2027-10-01
3520,403.53091616464553,2027-10-22
3521,395.8390896548274,2027-10-12
3522,397.16316723843016,2027-10-14
3523,397.6894801466665,2027-10-14
3524,390.64822246720445,2027-10-05
3525,398.31811337158973,2027-10-15
3526,395.9454801938727,2027-10-12
3527,395.2746708112568,2027-10-12
3528,399.09709387517984,2027-10-18
3529,394.42191220770064,2027-10-11
3530,384.2773855654439,2027-09-27
3531,394.62551008968626,2027-10-11
3532,389.62977339184897,2027-10-04
3533,392.75756247573065,2027-10-07
3534,389.394124567892,2027-10-04
3535,391.72422618600336,2027-10-06
3536,389.7320508757761,2027-10-04
3537,393.86017645190896,2027-10-08
3538,388.647819332057,2027-10-01
3539,390.2360085715958,2027-10-05
3540,383.66160465543624,2027-09-24
3541,389.5225408314939,2027-10-04
3542,401.16311267901165,2027-10-20
3543,410.58168381392045,2027-11-02
3544,391.7552141739097,2027-10-06
3545,399.64738614812296,2027-10-18
3546,391.5130105832845,2027-10-06
3547,389.7246813920038,2027-10-04
3548,384.65473454093194,2027-09-27
3549,392.65193677756844,2027-10-07
3550,392.6901699105699,2027-10-07
3551,385.21327687386355,2027-09-28
3552,391.0429070341575,2027-10-06
3553,396.1872125280958,2027-10-13
3554,386.9868601261639,2027-09-29
3555,395.23672504298787,2027-10-12
3556,398.89342804330283,2027-10-15
3557,400.05442172469276,2027-10-19
3558,399.9215734618921,2027-10-18
3559,390.18710611658395,2027-10-05
3560,390.6229815118998,2027-10-05
3561,389.0204646751754,2027-10-04
3562,395.27668164243767,2027-10-12
3563,392.95434667920057,2027-10-07
3564,398.87083641119335,2027-10-15
3565,393.19602364360645,2027-10-08
3566,398.643199087805,2027-10-15
3567,387.3682110960029,2027-09-30
3568,393.40707239394004,2027-10-08
3569,396.58576846583117,2027-10-13
3570,400.46957069522784,2027-10-19
3571,388.6088274633091,2027-10-01
3572,398.6288105342801,2027-10-15
3573,397.9016929588502,2027-10-14
3574,391.5505715061041,2027-10-06
3575,389.1946981584017,2027-10-04
3576,399.13820432282614,2027-10-18
3577,398.09598072963075,2027-10-15
3578,403.91252767145664,2027-10-22
3579,398.36598189624544,2027-10-15
3580,392.72227546339894,2027-10-07
3581,388.11779647383565,2027-10-01
3582,399.0198051230864,2027-10-18
3583,392.70578119784534,2027-10-07
3584,391.54743297232045,2027-10-06
3585,387.865334685886,2027-09-30
3586,394.0854530609342,2027-10-11
3587,387.0325672999225,2027-09-30
3588,386.64994139208164,2027-09-29
3589,393.6311631547611,2027-10-08
3590,396.6386824098102,2027-10-13
3591,386.93993361995604,2027-09-29
3592,391.1639679647769,2027-10-06
3593,390.64588201244584,2027-10-05
3594,398.71153690482794,2027-10-15
3595,398.4460932183492,2027-10-15
3596,391.9047916935876,2027-10-06
3597,393.4272833306254,2027-10-08
3598,392.76018233348714,2027-10-07
3599,410.8290870912094,2027-11-02
3600,389.1955844080278,2027-10-04
3601,404.88302444946066,2027-10-25
3602,387.1421393912356,2027-09-30
3603,401.6651855342509,2027-10-20
3604,396.8705128213201,2027-10-13
3605,396.2350569447507,2027-10-13
3606,396.7912446556312,2027-10-13
3607,393.2868667013939,2027-10-08
3608,389.99292505956134,2027-10-04
3609,395.65037801148617,2027-10-12
3610,390.01912937185455,2027-10-05
3611,396.8548704681384,2027-10-13
3612,389.3729529693674,2027-10-04
3613,396.91477311852475,2027-10-13
3614,394.3669100477211,2027-10-11
3615,388.3681772371987,2027-10-01
3616,389.29586974354396,2027-10-04
3617,398.8731288929701,2027-10-15
3618,389.6235694109554,2027-10-04
3619,388.01517402028475,2027-10-01
3620,396.0502284908099,2027-10-13
3621,400.24165413617817,2027-10-19
3622,389.2712301698936,2027-10-04
3623,390.84367021670687,2027-10-05
3624,394.83927947865436,2027-10-11
3625,389.51879097537756,2027-10-04
3626,392.92900122534763,2027-10-07
3627,387.2037989654266,2027-09-30
3628,401.2543326863648,2027-10-20
3629,389.66726812656543,2027-10-04
3630,388.6014560343031,2027-10-01
3631,390.4758260173872,2027-10-05
3632,393.10748128778283,2027-10-08
3633,392.307492953824,2027-10-07
3634,393.75329182151773,2027-10-08
3635,386.6478614179734,2027-09-29
3636,397.119627299106,2027-10-14
3637,395.27778055423875,2027-10-12
3638,388.56712640778517,2027-10-01
3639,390.5776680435382,2027-10-05
3640,379.3850238504798,2027-09-20
3641,396.2892580727765,2027-10-13
3642,392.8544340859559,2027-10-07
3643,394.19419235349807,2027-10-11
3644,388.2006707839987,2027-10-01
3645,393.2730943834669,2027-10-08
3646,388.17122610340255,2027-10-01
3647,392.1836825249386,2027-10-07
3648,394.8722589257671,2027-10-11
3649,391.90301276469864,2027-10-06
3650,391.79377307768397,2027-10-06
3651,388.61772317230964,2027-10-01
3652,393.3667103216748,2027-10-08
3653,399.9500154274094,2027-10-18
3654,388.8373186383898,2027-10-01
3655,391.58760220235894,2027-10-06
3656,391.9779966572721,2027-10-06
3657,393.7852890967449,2027-10-08
3658,394.1594618820428,2027-10-11
3659,394.3552124631819,2027-10-11
3660,408.44367622301604,2027-10-29
3661,389.5105367643746,2027-10-04
3662,392.2908349351196,2027-10-07
3663,394.96622347475625,2027-10-11
3664,388.63613301450124,2027-10-01
3665,399.60602262761904,2027-10-18
3666,395.987871862815,2027-10-12
3667,395.03728289580476,2027-10-12
3668,398.21701825967784,2027-10-15
3669,389.44386474938403,2027-10-04
3670,392.2758168121978,2027-10-07
3671,403.75941430648254,2027-10-22
3672,391.8040452950241,2027-10-06
3673,391.0496757320673,2027-10-06
3674,389.9156736125937,2027-10-04
3675,385.48309473946534,2027-09-28
3676,392.7576394401021,2027-10-07
3677,395.17926613965847,2027-10-12
3678,392.61424667881766,2027-10-07
3679,388.69939400629613,2027-10-01
3680,398.6869630020974,2027-10-15
3681,393.06479333059366,2027-10-08
3682,387.550842486973,2027-09-30
3683,403.31195957612647,2027-10-22
3684,397.14084739069165,2027-10-14
3685,395.8905702852257,2027-10-12
3686,398.69836514256923,2027-10-15
3687,396.4564277875328,2027-10-13
3688,384.90548732018254,2027-09-27
3689,396.4456745757982,2027-10-13
3690,390.0947976298642,2027-10-05
3691,389.3981901251243,2027-10-04
3692,397.0295810523418,2027-10-14
3693,391.0742016513939,2027-10-06
3694,397.4918526344908,2027-10-14
3695,392.99301035616065,2027-10-07
3696,389.71605209384205,2027-10-04
3697,399.5278080059989,2027-10-18
3698,387.3515150122808,2027-09-30
3699,380.1738701726102,2027-09-21
3700,395.6564392883409,2027-10-12
3701,391.20037940923123,2027-10-06
3702,396.30116333525785,2027-10-13
3703,394.5878087455944,2027-10-11
3704,404.6382007665445,2027-10-25
3705,393.5758424946344,2027-10-08
3706,390.20167341508926,2027-10-05
3707,396.43628116398173,2027-10-13
3708,396.29003735407093,2027-10-13
3709,393.00921009560847,2027-10-08
3710,389.6960327094289,2027-10-04
3711,394.23886328171477,2027-10-11
3712,388.55272347533605,2027-10-01
3713,397.4860575905163,2027-10-14
3714,403.85869350751636,2027-10-22
3715,381.8610064374258,2027-09-22
3716,402.0465621340754,2027-10-21
3717,391.9479189817708,2027-10-06
3718,394.06150761910493,2027-10-11
3719,406.77869097436724,2027-10-27
3720,385.8578090847403,2027-09-28
3721,392.8168283398482,2027-10-07
3722,399.65006696098584,2027-10-18
3723,390.4195408350575,2027-10-05
3724,384.4862694796642,2027-09-27
3725,387.1043058486566,2027-09-30
3726,393.3811029016666,2027-10-08
3727,389.33665058395445,2027-10-04
3728,403.770417182392,2027-10-22
3729,393.7167904634565,2027-10-08
3730,390.1229117450668,2027-10-05
3731,394.3915026256688,2027-10-11
3732,389.7217768259975,2027-10-04
3733,385.99519921001956,2027-09-28
3734,398.4077621481154,2027-10-15
3735,405.6369221271764,2027-10-26
3736,395.46496223394803,2027-10-12
3737,397.4419577169886,2027-10-14
3738,399.12819521233286,2027-10-18
3739,393.8339047193134,2027-10-08
3740,397.76262497091193,2027-10-14
3741,390.7520694885325,2027-10-05
3742,391.3039623630433,2027-10-06
3743,391.7849961157678,2027-10-06
3744,391.82741505069305,2027-10-06
3745,397.45316274724655,2027-10-14
3746,391.0677517504991,2027-10-06
3747,397.7211601271097,2027-10-14
3748,392.3439701352099,2027-10-07
3749,392.77018179717305,2027-10-07
3750,389.3771323653348,2027-10-04
3751,404.41489428358943,2027-10-25
3752,391.4706011736885,2027-10-06
3753,392.4576552520905,2027-10-07
3754,389.91572733328337,2027-10-04
3755,394.7134852962057,2027-10-11
3756,399.3676103724296,2027-10-18
3757,397.12313748092134,2027-10-14
3758,395.31702897732436,2027-10-12
3759,393.5808009785266,2027-10-08
3760,400.5858257654565,2027-10-19
3761,394.70481877970366,2027-10-11
3762,393.6110233532761,2027-10-08
3763,394.8757840801719,2027-10-11
3764,402.8895696829174,2027-10-21
3765,396.6807040945156,2027-10-13
3766,400.222533596566,2027-10-19
3767,387.70368911461367,2027-09-30
3768,391.4546444144513,2027-10-06
3769,392.0337391367277,2027-10-07
3770,393.3980168385254,2027-10-08
3771,388.6003863115948,2027-10-01
3772,394.98070866832234,2027-10-11
3773,395.67188548893364,2027-10-12
3774,383.97557318706987,2027-09-24
3775,384.68612454665714,2027-09-27
3776,388.91406829511493,2027-10-01
3777,407.55677428379033,2027-10-28
3778,391.15995214445473,2027-10-06
3779,393.2651708288029,2027-10-08
3780,386.49604294697497,2027-09-29
3781,392.74274339322136,2027-10-07
3782,392.60568478907476,2027-10-07
3783,388.0898473090842,2027-10-01
3784,395.260727956934,2027-10-12
3785,394.42946071210514,2027-10-11
3786,392.51807680119396,2027-10-07
3787,392.0843436302461,2027-10-07
3788,391.9084350187854,2027-10-06
3789,394.0799408166466,2027-10-11
3790,401.84127963493194,2027-10-20
3791,397.15973657736856,2027-10-14
3792,395.4146970780564,2027-10-12
3793,393.56315354105516,2027-10-08
3794,390.21544340669436,2027-10-05
3795,391.58701205931226,2027-10-06
3796,397.1693837171397,2027-10-14
3797,386.0589420606694,2027-09-29
3798,393.2784416760701,2027-10-08
3799,400.8091592795981,2027-10-19
3800,394.52939387418223,2027-10-11
3801,397.73461448315936,2027-10-14
3802,397.3062283217041,2027-10-14
3803,393.51396645993196,2027-10-08
3804,387.7084272811699,2027-09-30
3805,395.3760894097913,2027-10-12
3806,393.59868960133747,2027-10-08
3807,386.0459502406699,2027-09-29
3808,391.7253215557654,2027-10-06
3809,395.73482027506185,2027-10-12
3810,387.6215732963376,2027-09-30
3811,389.93290785476574,2027-10-04
3812,396.61924459038875,2027-10-13
3813,388.9643252853138,2027-10-01
3814,398.7921322582992,2027-10-15
3815,392.8878413157621,2027-10-07
3816,392.31125529273805,2027-10-07
3817,392.7370045531375,2027-10-07
3818,387.0681616397353,2027-09-30
3819,389.5022828141739,2027-10-04
3820,392.75104213031875,2027-10-07
3821,394.1266866932527,2027-10-11
3822,386.55884276395716,2027-09-29
3823,393.48037408601044,2027-10-08
3824,388.86048188064933,2027-10-01
3825,397.59732134258144,2027-10-14
3826,384.272022373593,2027-09-27
3827,397.6456445560009,2027-10-14
3828,400.35994900127866,2027-10-19
3829,393.8123769831072,2027-10-08
3830,390.46880050828815,2027-10-05
3831,396.0989251565905,2027-10-13
3832,398.6246633374723,2027-10-15
3833,390.5800794777939,2027-10-05
3834,386.5872912301517,2027-09-29
3835,401.0177453809134,2027-10-20
3836,394.53368475572086,2027-10-11
3837,384.0343533840963,2027-09-27
3838,387.7242957367769,2027-09-30
3839,404.68035964315294,2027-10-25
3840,400.70574558322255,2027-10-19
3841,403.0168514340489,2027-10-22
3842,394.54257248901916,2027-10-11
3843,390.17240583364554,2027-10-05
3844,400.71546767159475,2027-10-19
3845,392.9433223077588,2027-10-07
3846,388.67145560826907,2027-10-01
3847,397.6665247527159,2027-10-14
3848,396.88572795568564,2027-10-13
3849,390.5523628558736,2027-10-05
3850,397.2848366485464,2027-10-14
3851,390.1824464192846,2027-10-05
3852,397.53989004495514,2027-10-14
3853,386.7778747018129,2027-09-29
3854,392.5769354207344,2027-10-07
3855,400.57951655357175,2027-10-19
3856,394.59480645239233,2027-10-11
3857,387.464054042064,2027-09-30
3858,391.4992667028489,2027-10-06
3859,391.2814445083264,2027-10-06
3860,391.683357517359,2027-10-06
3861,391.7238658303688,2027-10-06
3862,394.52106734360814,2027-10-11
3863,394.98220583288446,2027-10-11
3864,388.805162977065,2027-10-01
3865,392.64658629507295,2027-10-07
3866,398.81502107088465,2027-10-15
3867,391.9742483419849,2027-10-06
3868,403.9845950629869,2027-10-22
3869,388.2848736061083,2027-10-01
3870,405.24918138312404,2027-10-26
3871,391.0129347229854,2027-10-06
3872,401.4275803263342,2027-10-20
3873,398.02584202519364,2027-10-15
3874,394.4102774328319,2027-10-11
3875,393.9257484298273,2027-10-08
3876,392.97818833506716,2027-10-07
3877,399.7605236553241,2027-10-18
3878,390.12621452208583,2027-10-05
3879,400.53017484683284,2027-10-19
3880,396.4386505560011,2027-10-13
3881,394.58878151531,2027-10-11
3882,397.36036147651987,2027-10-14
3883,396.18640082556686,2027-10-13
3884,392.0889679064694,2027-10-07
3885,393.90287122252727,2027-10-08
3886,396.3277963544426,2027-10-13
3887,392.3420115019623,2027-10-07
3888,387.81355502215587,2027-09-30
3889,393.73589224305647,2027-10-08
3890,395.29902909823335,2027-10-12
3891,388.505552427385,2027-10-01
3892,391.5245603919235,2027-10-06
3893,404.41558926032934,2027-10-25
3894,388.58132543860074,2027-10-01
3895,395.6613789882901,2027-10-12
3896,392.6931951524669,2027-10-07
3897,398.3132209378278,2027-10-15
3898,399.80853309229724,2027-10-18
3899,393.5783573180055,2027-10-08
3900,398.3819884452207,2027-10-15
3901,391.0730499650247,2027-10-06
3902,396.99286383312347,2027-10-13
3903,395.19169408874694,2027-10-12
3904,390.1842108790704,2027-10-05
3905,393.9224183093123,2027-10-08
3906,390.25222737708015,2027-10-05
3907,392.95461597059943,2027-10-07
3908,393.8132562041715,2027-10-08
3909,390.8846813866542,2027-10-05
3910,390.4143926033876,2027-10-05
3911,395.8069765019161,2027-10-12
3912,387.2483010853331,2027-09-30
3913,396.9448223808803,2027-10-13
3914,389.50473505403033,2027-10-04
3915,398.94849621452687,2027-10-15
3916,390.1785684233603,2027-10-05
3917,390.1069083292443,2027-10-05
3918,403.3995344062318,2027-10-22
3919,400.5415831477179,2027-10-19
3920,398.67806308682924,2027-10-15
3921,397.56046949855124,2027-10-14
3922,394.0817860052541,2027-10-11
3923,392.4000720813086,2027-10-07
3924,392.0997783496244,2027-10-07
3925,389.30064976996385,2027-10-04
3926,390.56200231447474,2027-10-05
3927,388.1236826788669,2027-10-01
3928,386.695188573232,2027-09-29
3929,398.0592114979025,2027-10-15
3930,392.9549773255496,2027-10-07
3931,391.4160647928437,2027-10-06
3932,396.22875030043076,2027-10-13
3933,388.82118306280796,2027-10-01
3934,387.71211668466447,2027-09-30
3935,392.58340324155307,2027-10-07
3936,390.17906173605974,2027-10-05
3937,393.4184131964493,2027-10-08
3938,400.6101415884426,2027-10-19
3939,389.30314420208225,2027-10-04
3940,393.61078686177433,2027-10-08
3941,398.9276361546449,2027-10-15
3942,394.82029511051326,2027-10-11
3943,397.40877159218934,2027-10-14
3944,394.6584699727285,2027-10-11
3945,393.2679130166196,2027-10-08
3946,390.9908196889717,2027-10-05
3947,392.76502354291773,2027-10-07
3948,394.41387447430145,2027-10-11
3949,392.89918715904633,2027-10-07
3950,391.1293767514209,2027-10-06
3951,390.7366831335914,2027-10-05
3952,393.9633706509504,2027-10-08
3953,395.7364862208963,2027-10-12
3954,398.55277105474113,2027-10-15
3955,392.3021130414379,2027-10-07
3956,390.82992047647997,2027-10-05
3957,390.07496041964725,2027-10-05
3958,390.2211620722875,2027-10-05
3959,399.16901991577924,2027-10-18
3960,394.76178777945637,2027-10-11
3961,400.6970127253287,2027-10-19
3962,402.8128596915996,2027-10-21
3963,399.76167557425873,2027-10-18
3964,391.2099919944632,2027-10-06
3965,394.2777588788718,2027-10-11
3966,395.5492644483389,2027-10-12
3967,398.3826941517889,2027-10-15
3968,392.1647779000567,2027-10-07
3969,402.46689681675,2027-10-21
3970,396.7094474593162,2027-10-13
3971,389.8035877702129,2027-10-04
3972,398.680072046366,2027-10-15
3973,393.24582132529537,2027-10-08
3974,392.60940234182334,2027-10-07
3975,387.5885397269924,2027-09-30
3976,395.2929055262278,2027-10-12
3977,395.54977831124097,2027-10-12
3978,401.6286834587878,2027-10-20
3979,391.9245012807361,2027-10-06
3980,400.479402551846,2027-10-19
3981,397.1026828743134,2027-10-14
3982,393.96859328442883,2027-10-08
3983,394.5077546113415,2027-10-11
3984,379.26883886496216,2027-09-20
3985,400.9799199628893,2027-10-19
3986,390.54404670573655,2027-10-05
3987,402.36103602665054,2027-10-21
3988,397.44043528316666,2027-10-14
3989,391.0716897419795,2027-10-06
3990,389.8892994665726,2027-10-04
3991,388.8563943725024,2027-10-01
3992,388.02168629451137,2027-10-01
3993,392.322817471659,2027-10-07
3994,392.27415130498144,2027-10-07
3995,392.1386129078205,2027-10-07
3996,390.06896402172447,2027-10-05
3997,398.92263395636814,2027-10-15
3998,385.0721346457035,2027-09-28
3999,393.7720076190796,2027-10-08
4000,394.6967067787107,2027-10-11
4001,382.9782870254009,2027-09-23
4002,399.64546903120083,2027-10-18
4003,401.9390809495202,2027-10-20
4004,389.83813020527356,2027-10-04
4005,402.5041148587382,2027-10-21
4006,385.32605608999654,2027-09-28
4007,400.29454350356906,2027-10-19
4008,392.0790726024054,2027-10-07
4009,393.0346361981135,2027-10-08
4010,389.4185412579226,2027-10-04
4011,391.48982816097174,2027-10-06
4012,387.6389334328285,2027-09-30
4013,391.4989605215871,2027-10-06
4014,396.9762020032086,2027-10-13
4015,388.49462324399826,2027-10-01
4016,391.7473889186632,2027-10-06
4017,394.20496466905973,2027-10-11
4018,385.4164345323608,2027-09-28
4019,398.1794163988734,2027-10-15
4020,391.88309980145254,2027-10-06
4021,392.9549905896143,2027-10-07
4022,391.56070740516947,2027-10-06
4023,393.72110703602124,2027-10-08
4024,393.3965378605706,2027-10-08
4025,400.6043708296514,2027-10-19
4026,395.5208265993606,2027-10-12
4027,397.50646014318846,2027-10-14
4028,392.06021653962136,2027-10-07
4029,395.8799864242369,2027-10-12
4030,399.922920031489,2027-10-18
4031,401.9246482792925,2027-10-20
4032,397.1097738826181,2027-10-14
4033,394.70277053073846,2027-10-11
4034,384.0403928220121,2027-09-27
4035,389.85903164009113,2027-10-04
4036,394.8977292617129,2027-10-11
4037,391.2664463442654,2027-10-06
4038,393.74925045347595,2027-10-08
4039,390.7784446187582,2027-10-05
4040,388.1317459007547,2027-10-01
4041,398.9860403259896,2027-10-15
4042,396.37411622021466,2027-10-13
4043,395.6161220984703,2027-10-12
4044,388.9875698760455,2027-10-01
4045,393.89606111969783,2027-10-08
4046,397.95472052275517,2027-10-14
4047,385.63720809669996,2027-09-28
4048,396.4046909901113,2027-10-13
4049,396.19710008029625,2027-10-13
4050,399.5414151287606,2027-10-18
4051,394.3869451545538,2027-10-11
4052,394.6003380237698,2027-10-11
4053,395.90957384306813,2027-10-12
4054,390.77691949225095,2027-10-05
4055,388.7445963524723,2027-10-01
4056,392.51121244561193,2027-10-07
4057,391.775009653928,2027-10-06
4058,394.5531326393653,2027-10-11
4059,397.17333430575104,2027-10-14
4060,399.5341427164505,2027-10-18
4061,398.67269558647496,2027-10-15
4062,399.5696182061778,2027-10-18
4063,398.4790425092199,2027-10-15
4064,387.3129991065735,2027-09-30
4065,394.03761953866615,2027-10-11
4066,401.43853300975644,2027-10-20
4067,390.35547298085044,2027-10-05
4068,398.75766710337336,2027-10-15
4069,397.57603307250525,2027-10-14
4070,388.5271354349009,2027-10-01
4071,394.89946999663556,2027-10-11
4072,390.2476670076708,2027-10-05
4073,391.84748617760494,2027-10-06
4074,389.8374095062569,2027-10-04
4075,388.9176203663671,2027-10-01
4076,394.3668812018458,2027-10-11
4077,401.8695619193392,2027-10-20
4078,390.8457390642544,2027-10-05
4079,394.26272820939204,2027-10-11
4080,383.05394672220746,2027-09-24
4081,386.8329621702037,2027-09-29
4082,403.008711879765,2027-10-22
4083,389.7315727562973,2027-10-04
4084,394.9363229909733,2027-10-11
4085,395.2493990475067,2027-10-12
4086,391.2233397552051,2027-10-06
4087,399.3236473219113,2027-10-18
4088,401.05791755871405,2027-10-20
4089,396.1447527730102,2027-10-13
4090,394.9889060365204,2027-10-11
4091,385.6646031956567,2027-09-28
4092,389.4993927367449,2027-10-04
4093,395.53233839558743,2027-10-12
4094,386.07816320186646,2027-09-29
4095,389.7180818414996,2027-10-04
4096,391.93889047965655,2027-10-06
4097,390.0472667733836,2027-10-05
4098,402.39193707340075,2027-10-21
4099,387.2599412244985,2027-09-30
4100,395.6911984046853,2027-10-12
4101,402.69534767289855,2027-10-21
4102,397.85568880659196,2027-10-14
4103,393.1427248902797,2027-10-08
4104,395.0885519585379,2027-10-12
4105,397.38997871302143,2027-10-14
4106,390.89625210483,2027-10-05
4107,399.5119055370276,2027-10-18
4108,394.5691242646754,2027-10-11
4109,395.6231732112493,2027-10-12
4110,402.9128991830094,2027-10-21
4111,397.1002910814633,2027-10-14
4112,392.55991988999637,2027-10-07
4113,386.3289125523649,2027-09-29
4114,391.04169331382195,2027-10-06
4115,394.9238989732844,2027-10-11
4116,401.73691166421037,2027-10-20
4117,391.7894395558026,2027-10-06
4118,392.3144520326939,2027-10-07
4119,388.99403155487863,2027-10-01
4120,391.517429034957,2027-10-06
4121,396.727815661589,2027-10-13
4122,397.14657283950606,2027-10-14
4123,391.09978675101263,2027-10-06
4124,392.1644005063906,2027-10-07
4125,395.9957858222344,2027-10-12
4126,392.3346815333358,2027-10-07
4127,390.84720834713863,2027-10-05
4128,403.2696826066572,2027-10-22
4129,385.48050355779714,2027-09-28
4130,394.5181883684477,2027-10-11
4131,390.91008115326616,2027-10-05
4132,391.79838018837063,2027-10-06
4133,401.9661132999082,2027-10-20
4134,408.28994791461344,2027-10-29
4135,389.22460386834604,2027-10-04
4136,394.88823271744815,2027-10-11
4137,391.74143525794256,2027-10-06
4138,389.3941634268699,2027-10-04
4139,389.8086863026809,2027-10-04
4140,396.86571990538187,2027-10-13
4141,397.31887801273706,2027-10-14
4142,411.7286184456509,2027-11-03
4143,393.76205863274083,2027-10-08
4144,389.5011309955742,2027-10-04
4145,398.9196902708439,2027-10-15
4146,384.9774782592935,2027-09-27
4147,398.73506945052657,2027-10-15
4148,393.1137329866426,2027-10-08
4149,407.59717147782516,2027-10-28
4150,388.4320789002558,2027-10-01
4151,386.89589304667584,2027-09-29
4152,386.38229313668194,2027-09-29
4153,393.6392998704393,2027-10-08
4154,390.0487082386568,2027-10-05
4155,399.19793890731086,2027-10-18
4156,398.8461199355858,2027-10-15
4157,395.34323733988964,2027-10-12
4158,394.04140485172667,2027-10-11
4159,388.2881733828008,2027-10-01
4160,400.7026741302003,2027-10-19
4161,397.4048019017508,2027-10-14
4162,390.5200082077114,2027-10-05
4163,390.9825932260153,2027-10-05
4164,396.9615008981909,2027-10-13
4165,391.50776568524464,2027-10-06
4166,384.15475334675926,2027-09-27
4167,398.68570352962604,2027-10-15
4168,397.770931587293,2027-10-14
4169,400.090783425472,2027-10-19
4170,395.7074981060517,2027-10-12
4171,405.8091622265988,2027-10-26
4172,387.49378662392513,2027-09-30
4173,397.52171393282765,2027-10-14
4174,392.9004257712307,2027-10-07
4175,389.2800028510316,2027-10-04
4176,407.089597334624,2027-10-28
4177,397.3642025384179,2027-10-14
4178,401.44626884728086,2027-10-20
4179,395.17124407441804,2027-10-12
4180,385.88527893307736,2027-09-28
4181,399.88769330783924,2027-10-18
4182,398.2068618635404,2027-10-15
4183,384.6820401744713,2027-09-27
4184,398.82466486290275,2027-10-15
4185,394.53224466039086,2027-10-11
4186,390.37052992352267,2027-10-05
4187,394.6734119432607,2027-10-11
4188,400.8379140196329,2027-10-19
4189,389.99478471126736,2027-10-04
4190,391.2097386054283,2027-10-06
4191,389.97684795509167,2027-10-04
4192,391.3212161380766,2027-10-06
4193,399.1125384284357,2027-10-18
4194,394.29526197769616,2027-10-11
4195,395.6244812550334,2027-10-12
4196,411.19851511527463,2027-11-03
4197,390.6243354329632,2027-10-05
4198,397.0320883381345,2027-10-14
4199,404.1831700392845,2027-10-25
4200,398.686472004635,2027-10-15
4201,400.59226646348793,2027-10-19
4202,394.080689749896,2027-10-11
4203,388.3239137318767,2027-10-01
4204,393.87918967187267,2027-10-08
4205,392.7523190592959,2027-10-07
4206,401.27206071874735,2027-10-20
4207,390.4941698399906,2027-10-05
4208,389.3514101382991,2027-10-04
4209,394.48505330210264,2027-10-11
4210,401.3268896836817,2027-10-20
4211,395.8428771740176,2027-10-12
4212,395.8603447334029,2027-10-12
4213,396.841458056114,2027-10-13
4214,389.60416133897303,2027-10-04
4215,387.92842262507503,2027-09-30
4216,394.21634459096873,2027-10-11
4217,393.5955274365787,2027-10-08
4218,391.2680689131871,2027-10-06
4219,394.15517206108234,2027-10-11
4220,393.4067782114448,2027-10-08
4221,396.36005147142225,2027-10-13
4222,393.9021970452056,2027-10-08
4223,391.6381456497096,2027-10-06
4224,390.4486925640066,2027-10-05
4225,399.0113379180642,2027-10-18
4226,393.7674729744208,2027-10-08
4227,389.41589131664387,2027-10-04
4228,393.249203613066,2027-10-08
4229,391.83670935083336,2027-10-06
4230,391.19964902866565,2027-10-06
4231,393.3271871636656,2027-10-08
4232,400.34036406382677,2027-10-19
4233,390.5117875166604,2027-10-05
4234,392.60731233583965,2027-10-07
4235,393.90441955612994,2027-10-08
4236,392.01807790689224,2027-10-07
4237,402.2965258204829,2027-10-21
4238,394.81967323065925,2027-10-11
4239,398.87494094123593,2027-10-15
4240,400.1436873529387,2027-10-19
4241,395.55946093370665,2027-10-12
4242,391.3455336567671,2027-10-06
4243,390.51036125108124,2027-10-05
4244,389.38506964766077,2027-10-04
4245,409.9026493186159,2027-11-01
4246,384.930288288532,2027-09-27
4247,393.52434403530367,2027-10-08
4248,392.16719520986516,2027-10-07
4249,393.35414669060646,2027-10-08
4250,393.4002526263498,2027-10-08
4251,405.63276906714884,2027-10-26
4252,395.5205691182064,2027-10-12
4253,397.06989236530967,2027-10-14
4254,396.0742142864711,2027-10-13
4255,405.88128825577934,2027-10-26
4256,395.9571742444157,2027-10-12
4257,387.59968659274915,2027-09-30
4258,396.48821515438465,2027-10-13
4259,391.27324602373517,2027-10-06
4260,396.61178998039395,2027-10-13
4261,397.612179045416,2027-10-14
4262,401.3472006271199,2027-10-20
4263,390.09650103477514,2027-10-05
4264,392.07008784006547,2027-10-07
4265,401.09207108899653,2027-10-20
4266,400.078229873915,2027-10-19
4267,388.1592049548492,2027-10-01
4268,396.63248555007175,2027-10-13
4269,395.8765448294987,2027-10-12
4270,387.5450805519428,2027-09-30
4271,392.81098605384057,2027-10-07
4272,391.6601071025762,2027-10-06
4273,397.63559331618086,2027-10-14
4274,396.37674477313084,2027-10-13
4275,409.8834254709387,2027-11-01
4276,397.7483750621329,2027-10-14
4277,395.0940517773755,2027-10-12
4278,394.77183571014723,2027-10-11
4279,380.31720865708934,2027-09-21
4280,400.48770942981565,2027-10-19
4281,402.58946445292406,2027-10-21
4282,389.5491546259442,2027-10-04
4283,395.35221868389544,2027-10-12
4284,397.3258748071526,2027-10-14
4285,396.6654111097911,2027-10-13
4286,390.89912115327724,2027-10-05
4287,403.89572307482916,2027-10-22
4288,401.3583754505899,2027-10-20
4289,404.35927737206265,2027-10-25
4290,398.24771701503323,2027-10-15
4291,386.79112367816083,2027-09-29
4292,396.9816814560479,2027-10-13
4293,390.2481601863724,2027-10-05
4294,395.5451661816813,2027-10-12
4295,392.4514328692911,2027-10-07
4296,388.1087385534126,2027-10-01
4297,388.8996572724092,2027-10-01
4298,402.22431035065927,2027-10-21
4299,384.13875351282564,2027-09-27
4300,393.8489228228129,2027-10-08
4301,396.24917386610565,2027-10-13
4302,396.28409054281013,2027-10-13
4303,406.4312221312802,2027-10-27
4304,408.22396025509767,2027-10-29
4305,388.5931473364498,2027-10-01
4306,389.83846740860776,2027-10-04
4307,394.4733525309084,2027-10-11
4308,396.62791697869744,2027-10-13
4309,389.28439609584836,2027-10-04
4310,402.7399670483726,2027-10-21
4311,394.1181511878094,2027-10-11
4312,392.2624370109252,2027-10-07
4313,392.27752311679245,2027-10-07
4314,394.0127454109746,2027-10-11
4315,393.01096795308246,2027-10-08
4316,392.09631629857836,2027-10-07
4317,390.47958955955204,2027-10-05
4318,390.1814002923407,2027-10-05
4319,395.40655801798613,2027-10-12
4320,392.1290286874471,2027-10-07
4321,388.8700450745195,2027-10-01
4322,388.20541363304073,2027-10-01
4323,405.66859517675715,2027-10-26
4324,392.09231276266223,2027-10-07
4325,400.4917906903631,2027-10-19
4326,390.2064048490051,2027-10-05
4327,392.292815459008,2027-10-07
4328,396.4857061290823,2027-10-13
4329,392.04531658054026,2027-10-07
4330,396.93936286061,2027-10-13
4331,397.1119987949072,2027-10-14
4332,394.3186149753747,2027-10-11
4333,398.99633250211303,2027-10-15
4334,399.00181511034754,2027-10-18
4335,399.6942166388475,2027-10-18
4336,385.83294450227106,2027-09-28
4337,389.1665686319263,2027-10-04
4338,390.73509677763536,2027-10-05
4339,401.95881991694114,2027-10-20
4340,386.43584962491855,2027-09-29
4341,386.31948224070317,2027-09-29
4342,396.6629677418759,2027-10-13
4343,392.0428431955161,2027-10-07
4344,389.0883458424588,2027-10-04
4345,398.809253905703,2027-10-15
4346,390.752956556015,2027-10-05
4347,398.8186613533883,2027-10-15
4348,393.62635765424534,2027-10-08
4349,397.3163432547452,2027-10-14
4350,392.2008619176803,2027-10-07
4351,392.1215750715891,2027-10-07
4352,398.1006721395959,2027-10-15
4353,397.12450771158245,2027-10-14
4354,393.0979263766312,2027-10-08
4355,392.4003058926358,2027-10-07
4356,397.2527210246639,2027-10-14
4357,404.5196289774966,2027-10-25
4358,391.93478722251194,2027-10-06
4359,395.8615309256975,2027-10-12
4360,385.21875739833195,2027-09-28
4361,396.0412353066075,2027-10-13
4362,390.4632187812863,2027-10-05
4363,404.52553251901634,2027-10-25
4364,398.70744348866464,2027-10-15
4365,388.0372672605667,2027-10-01
4366,379.7980491465367,2027-09-20
4367,399.05898117135405,2027-10-18
4368,392.94827913604115,2027-10-07
4369,391.8467882754103,2027-10-06
4370,402.3444519400235,2027-10-21
4371,392.40979515786216,2027-10-07
4372,396.0606308683802,2027-10-13
4373,397.3375158499734,2027-10-14
4374,391.6770378628628,2027-10-06
4375,394.1654108562074,2027-10-11
4376,390.75358255907395,2027-10-05
4377,390.9711510101183,2027-10-05
4378,390.703878626967,2027-10-05
4379,383.581618697706,2027-09-24
4380,394.3857138885461,2027-10-11
4381,392.0453558740377,2027-10-07
4382,400.70075262919397,2027-10-19
4383,394.60166496917054,2027-10-11
4384,390.25395316604727,2027-10-05
4385,386.92586170876336,2027-09-29
4386,397.43370985286697,2027-10-14
4387,391.92036812520064,2027-10-06
4388,391.60757442941974,2027-10-06
4389,396.12901137519486,2027-10-13
4390,385.4170238082365,2027-09-28
4391,401.09842520719747,2027-10-20
4392,401.23367252865734,2027-10-20
4393,395.9813567329873,2027-10-12
4394,392.3631411920259,2027-10-07
4395,393.7962644187802,2027-10-08
4396,391.83034251013964,2027-10-06
4397,401.0361849747663,2027-10-20
4398,393.2221942089527,2027-10-08
4399,394.286898245018,2027-10-11
4400,395.1492757051821,2027-10-12
4401,395.87039503386137,2027-10-12
4402,394.23728774808694,2027-10-11
4403,386.90805000725965,2027-09-29
4404,406.6672108146641,2027-10-27
4405,388.92196752050086,2027-10-01
4406,392.71660456732917,2027-10-07
4407,388.8666587335089,2027-10-01
4408,387.3048693011937,2027-09-30
4409,394.6142615086717,2027-10-11
4410,393.0197141673667,2027-10-08
4411,397.66286085505703,2027-10-14
4412,396.7947078247961,2027-10-13
4413,392.8553956005015,2027-10-07
4414,396.1799487691971,2027-10-13
4415,387.2638814271343,2027-09-30
4416,391.94845055504607,2027-10-06
4417,393.52306666598327,2027-10-08
4418,397.25899423643443,2027-10-14
4419,389.2417637856709,2027-10-04
4420,394.6587681383256,2027-10-11
4421,392.03960623171855,2027-10-07
4422,388.0798165713742,2027-10-01
4423,400.77926683099065,2027-10-19
4424,404.4194603924799,2027-10-25
4425,393.02197560843615,2027-10-08
4426,386.72498438256275,2027-09-29
4427,400.8448325045819,2027-10-19
4428,395.0323696977118,2027-10-12
4429,397.55372815455996,2027-10-14
4430,384.50793237466047,2027-09-27
4431,393.6429708584745,2027-10-08
4432,394.1972832074872,2027-10-11
4433,399.6551337809389,2027-10-18
4434,395.41683371617813,2027-10-12
4435,393.00652847363756,2027-10-08
4436,391.025813281627,2027-10-06
4437,393.4600952833424,2027-10-08
4438,395.80845610087965,2027-10-12
4439,387.73548456482536,2027-09-30
4440,395.5004587248839,2027-10-12
4441,388.73954067323405,2027-10-01
4442,393.40578444224457,2027-10-08
4443,390.1229017642179,2027-10-05
4444,390.4515757744624,2027-10-05
4445,389.72069122487204,2027-10-04
4446,390.51720581807564,2027-10-05
4447,392.1804074248983,2027-10-07
4448,391.54796290088393,2027-10-06
4449,398.08744826006546,2027-10-15
4450,394.8449637295605,2027-10-11
4451,397.68754280490515,2027-10-14
4452,391.92514628490875,2027-10-06
4453,396.1079894680895,2027-10-13
4454,390.40829889829774,2027-10-05
4455,394.6148369704201,2027-10-11
4456,388.29226981917896,2027-10-01
4457,401.73963447007395,2027-10-20
4458,393.60810316578466,2027-10-08
4459,385.7373333339083,2027-09-28
4460,383.58043326290465,2027-09-24
4461,393.1325454272163,2027-10-08
4462,394.7746576484994,2027-10-11
4463,392.2916617383048,2027-10-07
4464,391.47316652074625,2027-10-06
4465,391.6411127556732,2027-10-06
4466,395.11353265243014,2027-10-12
4467,400.2789499230228,2027-10-19
4468,400.97068351946564,2027-10-19
4469,391.8352200441523,2027-10-06
4470,398.9977233444081,2027-10-15
4471,392.19244467720137,2027-10-07
4472,395.46334788100523,2027-10-12
4473,386.2652838715676,2027-09-29
4474,387.3026079639566,2027-09-30
4475,399.2705086163492,2027-10-18
4476,396.5406960103169,2027-10-13
4477,397.99520808324075,2027-10-14
4478,390.2208584211876,2027-10-05
4479,387.72778598142446,2027-09-30
4480,399.02826274833706,2027-10-18
4481,394.26266121051344,2027-10-11
4482,390.7206711754911,2027-10-05
4483,393.02214905791016,2027-10-08
4484,395.15526875926224,2027-10-12
4485,395.3624086359857,2027-10-12
4486,398.11653799463426,2027-10-15
4487,389.2252932990324,2027-10-04
4488,398.2461032802216,2027-10-15
4489,388.47261320148,2027-10-01
4490,395.54567022598246,2027-10-12
4491,392.9871658836881,2027-10-07
4492,397.8470168216229,2027-10-14
4493,403.4974240696936,2027-10-22
4494,398.71175245856057,2027-10-15
4495,392.28248995949565,2027-10-07
4496,387.9640076410054,2027-09-30
4497,395.84872654664815,2027-10-12
4498,393.31272604388295,2027-10-08
4499,400.2175295349759,2027-10-19
4500,388.29022453490853,2027-10-01
4501,391.6895313757119,2027-10-06
4502,401.3048713316982,2027-10-20
4503,390.6125800062439,2027-10-05
4504,389.21404976763307,2027-10-04
4505,396.9676066503623,2027-10-13
4506,395.3437323683482,2027-10-12
4507,396.44653397513366,2027-10-13
4508,401.80544282566774,2027-10-20
4509,389.07946122202844,2027-10-04
4510,390.3749553895279,2027-10-05
4511,392.24579939565535,2027-10-07
4512,391.01330143946956,2027-10-06
4513,392.2729512592354,2027-10-07
4514,396.21029567952274,2027-10-13
4515,383.0208191207735,2027-09-24
4516,394.3018229608746,2027-10-11
4517,383.94090286109997,2027-09-24
4518,397.8407733787169,2027-10-14
4519,385.72362938897123,2027-09-28
4520,395.2322511396497,2027-10-12
4521,390.1519644524658,2027-10-05
4522,400.7213820004498,2027-10-19
4523,387.16049993581953,2027-09-30
4524,391.84242257874354,2027-10-06
4525,395.58783796787367,2027-10-12
4526,397.5468887074481,2027-10-14
4527,393.23380573290154,2027-10-08
4528,393.04992442672045,2027-10-08
4529,393.80232607127937,2027-10-08
4530,393.6255656173899,2027-10-08
4531,392.6554150998177,2027-10-07
4532,395.8003292301281,2027-10-12
4533,397.2965380408579,2027-10-14
4534,388.26921799616326,2027-10-01
4535,398.2352180405254,2027-10-15
4536,398.7550209939451,2027-10-15
4537,396.8058185017682,2027-10-13
4538,395.57134685359426,2027-10-12
4539,391.333482541608,2027-10-06
4540,391.33309037055267,2027-10-06
4541,387.0118830364017,2027-09-30
4542,397.88337630128325,2027-10-14
4543,386.2799234198342,2027-09-29
4544,390.38172953589196,2027-10-05
4545,405.7250354279322,2027-10-26
4546,402.0899541649909,2027-10-21
4547,394.01516873669846,2027-10-11
4548,395.0907194923689,2027-10-12
4549,392.44408849070703,2027-10-07
4550,399.14559167787263,2027-10-18
4551,386.97642024691766,2027-09-29
4552,395.1195626810453,2027-10-12
4553,394.34656034725214,2027-10-11
4554,392.61373203295983,2027-10-07
4555,404.6095044554624,2027-10-25
4556,396.0842857638918,2027-10-13
4557,391.9130482999619,2027-10-06
4558,398.9998678077447,2027-10-15
4559,394.59413875795076,2027-10-11
4560,403.77742694868374,2027-10-22
4561,389.9746733827185,2027-10-04
4562,403.96412840671417,2027-10-22
4563,390.6602369130858,2027-10-05
4564,403.06514197251005,2027-10-22
4565,391.0688891046007,2027-10-06
4566,392.10317168027757,2027-10-07
4567,392.52089429349274,2027-10-07
4568,396.02044938883665,2027-10-13
4569,387.64976381239603,2027-09-30
4570,397.7024363412831,2027-10-14
4571,393.24259132393945,2027-10-08
4572,392.72616137734155,2027-10-07
4573,393.86792570776174,2027-10-08
4574,389.0237458180973,2027-10-04
4575,396.4585561984321,2027-10-13
4576,399.5347066573848,2027-10-18
4577,397.9684932231209,2027-10-14
4578,402.20563271255253,2027-10-21
4579,388.5888061107802,2027-10-01
4580,400.62780483638977,2027-10-19
4581,391.9146432350243,2027-10-06
4582,387.7734303920284,2027-09-30
4583,399.38613787456745,2027-10-18
4584,393.55058534793176,2027-10-08
4585,391.8159982201804,2027-10-06
4586,393.59254411378333,2027-10-08
4587,393.51108610426184,2027-10-08
4588,388.43288456520503,2027-10-01
4589,390.67902454760633,2027-10-05
4590,403.38914247191684,2027-10-22
4591,399.8975287743882,2027-10-18
4592,389.1207955838622,2027-10-04
4593,396.4518865373206,2027-10-13
4594,389.0718432270821,2027-10-04
4595,394.8112094215566,2027-10-11
4596,397.3755251616845,2027-10-14
4597,393.57114755117766,2027-10-08
4598,388.9300531224503,2027-10-01
4599,389.8709030129052,2027-10-04
4600,390.43765214215244,2027-10-05
4601,398.1566876272637,2027-10-15
4602,396.18459653999207,2027-10-13
4603,391.8425970090282,2027-10-06
4604,400.1178101248714,2027-10-19
4605,395.95729129882017,2027-10-12
4606,389.2053911931446,2027-10-04
4607,391.99082173726737,2027-10-06
4608,391.5830257185392,2027-10-06
4609,390.77631665155775,2027-10-05
4610,394.7963803438549,2027-10-11
4611,395.4743714489455,2027-10-12
4612,390.1365980348815,2027-10-05
4613,391.43324443198145,2027-10-06
4614,394.2542815847381,2027-10-11
4615,400.8808518718206,2027-10-19
4616,394.454212290481,2027-10-11
4617,398.02671407894695,2027-10-15
4618,390.2173867859842,2027-10-05
4619,407.02545708323805,2027-10-28
4620,383.92046291959167,2027-09-24
4621,393.28300136096067,2027-10-08
4622,393.5303130381727,2027-10-08
4623,394.3999515579775,2027-10-11
4624,386.1543068180305,2027-09-29
4625,404.10214340873125,2027-10-25
4626,399.4454667376314,2027-10-18
4627,388.8517732226392,2027-10-01
4628,397.473157776486,2027-10-14
4629,389.4708471726476,2027-10-04
4630,398.3504844582231,2027-10-15
4631,396.6418378837894,2027-10-13
4632,393.1829259123388,2027-10-08
4633,394.11485699235624,2027-10-11
4634,391.8258910573407,2027-10-06
4635,395.9609101417905,2027-10-12
4636,398.20928737086916,2027-10-15
4637,387.49581013709536,2027-09-30
4638,395.95539376912427,2027-10-12
4639,402.888383321735,2027-10-21
4640,392.43177017645326,2027-10-07
4641,403.2398728796129,2027-10-22
4642,396.17545053831117,2027-10-13
4643,392.37544491314145,2027-10-07
4644,393.5967711220452,2027-10-08
4645,401.86819424360675,2027-10-20
4646,389.2295701699048,2027-10-04
4647,395.64478165632454,2027-10-12
4648,391.7122354346095,2027-10-06
4649,398.1120583109519,2027-10-15
4650,390.1739179003845,2027-10-05
4651,391.1604879506449,2027-10-06
4652,398.65041721796865,2027-10-15
4653,400.83131804094074,2027-10-19
4654,389.8904569254623,2027-10-04
4655,391.1798871973877,2027-10-06
4656,395.85379287563563,2027-10-12
4657,396.1095964004134,2027-10-13
4658,390.9396131876444,2027-10-05
4659,392.9975497898794,2027-10-07
4660,401.0601917298704,2027-10-20
4661,391.91935348925614,2027-10-06
4662,399.8965474356887,2027-10-18
4663,394.63608766839513,2027-10-11
4664,391.54138804251795,2027-10-06
4665,392.2471045556463,2027-10-07
4666,394.5674508501954,2027-10-11
4667,393.06146715525057,2027-10-08
4668,388.7587336930518,2027-10-01
4669,390.2115035797417,2027-10-05
4670,392.65569394926484,2027-10-07
4671,399.17868087305584,2027-10-18
4672,391.3335408520265,2027-10-06
4673,398.1844256616693,2027-10-15
4674,389.0026104654521,2027-10-04
4675,399.5725889810218,2027-10-18
4676,394.67247625266657,2027-10-11
4677,396.1702019132575,2027-10-13
4678,390.90461436994093,2027-10-05
4679,393.64869606589787,2027-10-08
4680,393.5641655933236,2027-10-08
4681,396.6989878894683,2027-10-13
4682,393.0102676437356,2027-10-08
4683,393.2764576558864,2027-10-08
4684,397.4377816345914,2027-10-14
4685,394.88929617206827,2027-10-11
4686,391.9474368576189,2027-10-06
4687,390.21386047751383,2027-10-05
4688,396.71802840584786,2027-10-13
4689,391.28447107697696,2027-10-06
4690,394.7313569479426,2027-10-11
4691,391.26567798024394,2027-10-06
4692,387.3718630697953,2027-09-30
4693,393.5624012847105,2027-10-08
4694,393.83636934062906,2027-10-08
4695,396.95472084400825,2027-10-13
4696,407.8584598945394,2027-10-28
4697,394.02246164546006,2027-10-11
4698,388.34097965119605,2027-10-01
4699,396.06896420447646,2027-10-13
4700,389.82831547404,2027-10-04
4701,393.6874318170233,2027-10-08
4702,390.8094750644753,2027-10-05
4703,396.880328076195,2027-10-13
4704,392.4335395825008,2027-10-07
4705,395.04623911548646,2027-10-12
4706,389.6929205731216,2027-10-04
4707,387.8286653843754,2027-09-30
4708,382.174909795791,2027-09-23
4709,386.78633634505917,2027-09-29
4710,399.48906492312,2027-10-18
4711,389.9720964982559,2027-10-04
4712,388.5496112513909,2027-10-01
4713,391.23598881245243,2027-10-06
4714,395.33620330681964,2027-10-12
4715,397.96845554642107,2027-10-14
4716,395.56225454576827,2027-10-12
4717,393.33074817546174,2027-10-08
4718,389.6229002588791,2027-10-04
4719,384.82868645146306,2027-09-27
4720,387.64804721887873,2027-09-30
4721,390.8631430390215,2027-10-05
4722,396.2216782693396,2027-10-13
4723,398.8465450701193,2027-10-15
4724,400.2282027985856,2027-10-19
4725,393.0506842027094,2027-10-08
4726,394.4803658103644,2027-10-11
4727,400.0612655683411,2027-10-19
4728,395.01496680291905,2027-10-12
4729,388.2626680695062,2027-10-01
4730,395.626850777929,2027-10-12
4731,397.1624205362527,2027-10-14
4732,394.2274841692839,2027-10-11
4733,385.89458305703204,2027-09-28
4734,395.41308144010884,2027-10-12
4735,394.38848900744796,2027-10-11
4736,398.2242846482212,2027-10-15
4737,393.5820630168564,2027-10-08
4738,388.41526690956607,2027-10-01
4739,391.68289826711595,2027-10-06
4740,402.0373599220496,2027-10-21
4741,391.35963030672974,2027-10-06
4742,398.86162921496776,2027-10-15
4743,389.12982183271356,2027-10-04
4744,394.4178439484117,2027-10-11
4745,391.4594085549968,2027-10-06
4746,394.88655127979325,2027-10-11
4747,387.0811948358585,2027-09-30
4748,382.9506151227546,2027-09-23
4749,386.9596709385984,2027-09-29
4750,389.47855033260356,2027-10-04
4751,395.2533934624073,2027-10-12
4752,399.6979035010711,2027-10-18
4753,400.1855666027672,2027-10-19
4754,396.44976467374215,2027-10-13
4755,388.1618931031486,2027-10-01
4756,386.56062442572454,2027-09-29
4757,388.46860320826255,2027-10-01
4758,394.9193002681592,2027-10-11
4759,405.64304734158253,2027-10-26
4760,400.3205949603104,2027-10-19
4761,388.40518290359034,2027-10-01
4762,387.2017019917449,2027-09-30
4763,395.1102229201654,2027-10-12
4764,395.8824582599191,2027-10-12
4765,406.14750269190324,2027-10-27
4766,394.05198736443856,2027-10-11
4767,394.9456368146554,2027-10-11
4768,403.8178831277279,2027-10-22
4769,402.3372136933972,2027-10-21
4770,390.52362999232827,2027-10-05
4771,401.07513166916016,2027-10-20
4772,389.71367184249584,2027-10-04
4773,395.02621685429796,2027-10-12
4774,399.5220928915446,2027-10-18
4775,396.44390611926207,2027-10-13
4776,401.0896745503025,2027-10-20
4777,391.75746146165244,2027-10-06
4778,397.9937611596758,2027-10-14
4779,394.3961593791304,2027-10-11
4780,393.7270567879027,2027-10-08
4781,393.2090856724617,2027-10-08
4782,394.56941704895127,2027-10-11
4783,393.4337077776516,2027-10-08
4784,391.60188171255965,2027-10-06
4785,388.2949580545388,2027-10-01
4786,400.5331273946093,2027-10-19
4787,389.15184383933416,2027-10-04
4788,389.0030960694511,2027-10-04
4789,394.3732152960833,2027-10-11
4790,394.54433287055014,2027-10-11
4791,394.011756156656,2027-10-11
4792,389.7032251820304,2027-10-04
4793,385.45259361395006,2027-09-28
4794,388.08288221574225,2027-10-01
4795,394.4845905830611,2027-10-11
4796,385.41655018768125,2027-09-28
4797,391.6267818252173,2027-10-06
4798,398.7516687427062,2027-10-15
4799,389.01583272543104,2027-10-04
4800,386.40727899869546,2027-09-29
4801,406.2225217837052,2027-10-27
4802,397.5227910188692,2027-10-14
4803,399.43165965352847,2027-10-18
4804,401.8265028756759,2027-10-20
4805,400.6032528073446,2027-10-19
4806,390.84184289179103,2027-10-05
4807,385.5888828592568,2027-09-28
4808,392.7328788957293,2027-10-07
4809,394.67931732798326,2027-10-11
4810,397.27195865477717,2027-10-14
4811,389.83371371373687,2027-10-04
4812,387.09384084558116,2027-09-30
4813,383.8942189113434,2027-09-24
4814,393.5340537845469,2027-10-08
4815,392.539018441311,2027-10-07
4816,382.4992031154504,2027-09-23
4817,398.16412068970084,2027-10-15
4818,396.03962698628925,2027-10-13
4819,392.6892405899541,2027-10-07
4820,381.8988662060892,2027-09-22
4821,393.52418831955487,2027-10-08
4822,393.8734174302808,2027-10-08
4823,387.295292988394,2027-09-30
4824,398.4986610854861,2027-10-15
4825,394.0147723705815,2027-10-11
4826,382.30981367484065,2027-09-23
4827,392.14464035355985,2027-10-07
4828,397.05400645906053,2027-10-14
4829,395.922220399306,2027-10-12
4830,392.88682037573244,2027-10-07
4831,412.40328376846145,2027-11-04
4832,402.3232218272521,2027-10-21
4833,397.2827002051935,2027-10-14
4834,388.0793262231864,2027-10-01
4835,396.65676345435486,2027-10-13
4836,395.30376259468477,2027-10-12
4837,400.3357033225054,2027-10-19
4838,396.52740901791583,2027-10-13
4839,391.36720305603654,2027-10-06
4840,392.2588085888331,2027-10-07
4841,404.3108675325628,2027-10-25
4842,390.39306812284934,2027-10-05
4843,396.8969441591222,2027-10-13
4844,392.6806186681985,2027-10-07
4845,393.0328209674394,2027-10-08
4846,391.1733699888715,2027-10-06
4847,409.67155029749296,2027-11-01
4848,390.2906137621381,2027-10-05
4849,390.854097416826,2027-10-05
4850,389.8876673857556,2027-10-04
4851,391.9081904516755,2027-10-06
4852,391.6568030426323,2027-10-06
4853,391.61039083828524,2027-10-06
4854,395.54686975647195,2027-10-12
4855,397.4697223500863,2027-10-14
4856,392.94512661859926,2027-10-07
4857,379.0545935304758,2027-09-20
4858,390.1700958275174,2027-10-05
4859,388.65476060743896,2027-10-01
4860,396.18264011735107,2027-10-13
4861,396.3724949009184,2027-10-13
4862,407.31321403430866,2027-10-28
4863,399.02661673401155,2027-10-18
4864,392.09405695981224,2027-10-07
4865,406.15459470329887,2027-10-27
4866,387.89162377760783,2027-09-30
4867,396.1646350744554,2027-10-13
4868,394.6057777657837,2027-10-11
4869,392.9028589079279,2027-10-07
4870,395.6384743509509,2027-10-12
4871,395.49836832866345,2027-10-12
4872,401.18155947411685,2027-10-20
4873,393.71746494129616,2027-10-08
4874,397.8524675879873,2027-10-14
4875,391.408312607134,2027-10-06
4876,389.5855367632207,2027-10-04
4877,392.0265168448129,2027-10-07
4878,399.93592774538087,2027-10-18
4879,400.4434727298942,2027-10-19
4880,383.3985642921035,2027-09-24
4881,397.66680741760405,2027-10-14
4882,397.0908175940588,2027-10-14
4883,393.79047421614405,2027-10-08
4884,394.3337122760857,2027-10-11
4885,403.9651853081931,2027-10-22
4886,390.43073782416525,2027-10-05
4887,397.3717105734714,2027-10-14
4888,389.84645820562884,2027-10-04
4889,394.0540271061234,2027-10-11
4890,403.91117609934264,2027-10-22
4891,391.53863167505233,2027-10-06
4892,381.62536387539694,2027-09-22
4893,392.2195476976729,2027-10-07
4894,390.43905694184224,2027-10-05
4895,402.47724069658295,2027-10-21
4896,392.03292731496686,2027-10-07
4897,388.39940472480407,2027-10-01
4898,394.9608062414799,2027-10-11
4899,404.60247598117695,2027-10-25
4900,387.1342213945503,2027-09-30
4901,393.79753016779125,2027-10-08
4902,396.19226063358894,2027-10-13
4903,388.8970025890987,2027-10-01
4904,391.7253106886342,2027-10-06
4905,394.44766181359626,2027-10-11
4906,397.1759973257247,2027-10-14
4907,396.56523897428815,2027-10-13
4908,392.0039626649478,2027-10-07
4909,391.57130543685156,2027-10-06
4910,386.878826240658,2027-09-29
4911,397.12677969413954,2027-10-14
4912,397.8485442305987,2027-10-14
4913,395.5901273327254,2027-10-12
4914,393.1147525234287,2027-10-08
4915,403.08592091726155,2027-10-22
4916,389.6694052534294,2027-10-04
4917,393.350588937626,2027-10-08
4918,402.3209031902184,2027-10-21
4919,393.120713227661,2027-10-08
4920,397.6970115440683,2027-10-14
4921,397.85602416538313,2027-10-14
4922,393.81970514408147,2027-10-08
4923,395.88498417355356,2027-10-12
4924,391.49685595182166,2027-10-06
4925,390.42911848346046,2027-10-05
4926,391.92919468618294,2027-10-06
4927,385.7532752680322,2027-09-28
4928,388.8391657329839,2027-10-01
4929,397.5374874756652,2027-10-14
4930,397.05406122125055,2027-10-14
4931,393.8245183492552,2027-10-08
4932,389.98578033756826,2027-10-04
4933,390.20607657464035,2027-10-05
4934,390.4604631514848,2027-10-05
4935,395.9100299551786,2027-10-12
4936,389.57496533193455,2027-10-04
4937,392.18814888037394,2027-10-07
4938,386.0583235116655,2027-09-29
4939,392.1547508817887,2027-10-07
4940,390.89754659147326,2027-10-05
4941,388.1181666058772,2027-10-01
4942,388.08283760984233,2027-10-01
4943,405.1125533569719,2027-10-26
4944,402.96489067563493,2027-10-21
4945,393.2903070833132,2027-10-08
4946,391.6953328424762,2027-10-06
4947,395.19234544977866,2027-10-12
4948,397.2192320776593,2027-10-14
4949,384.66412432750207,2027-09-27
4950,396.2480712093057,2027-10-13
4951,395.6147313600791,2027-10-12
4952,395.0146156011062,2027-10-12
4953,394.71625047734796,2027-10-11
4954,394.8496995668289,2027-10-11
4955,391.68753475282483,2027-10-06
4956,395.5585614484743,2027-10-12
4957,392.8259585008938,2027-10-07
4958,394.9800318337332,2027-10-11
4959,398.72648366566483,2027-10-15
4960,394.50101651792676,2027-10-11
4961,405.63162878534166,2027-10-26
4962,398.28808254572584,2027-10-15
4963,391.4791650575467,2027-10-06
4964,396.2027665720309,2027-10-13
4965,399.46158288453404,2027-10-18
4966,391.4535507391789,2027-10-06
4967,391.826440051764,2027-10-06
4968,391.1820760340472,2027-10-06
4969,397.95087753490384,2027-10-14
4970,395.0403412093746,2027-10-12
4971,392.63614430658583,2027-10-07
4972,395.6779019949051,2027-10-12
4973,394.43962429657046,2027-10-11
4974,399.91556683312734,2027-10-18
4975,394.62668322121186,2027-10-11
4976,398.2393182238383,2027-10-15
4977,388.57557442503065,2027-10-01
4978,392.3586160890031,2027-10-07
4979,395.4960903156426,2027-10-12
4980,388.562561282544,2027-10-01
4981,397.71247691149904,2027-10-14
4982,395.9202290773044,2027-10-12
4983,402.27571440422577,2027-10-21
4984,395.0949595136495,2027-10-12
4985,397.8744812222117,2027-10-14
4986,387.8750404298361,2027-09-30
4987,391.9332815288551,2027-10-06
4988,388.2165352007958,2027-10-01
4989,388.9582402146734,2027-10-01
4990,401.3490470730128,2027-10-20
4991,391.8752505736232,2027-10-06
4992,394.1177784686027,2027-10-11
4993,392.9006881572311,2027-10-07
4994,391.0776862320671,2027-10-06
4995,390.1204368813884,2027-10-05
4996,396.6859746221251,2027-10-13
4997,392.3784740739279,2027-10-07
4998,400.27734254143564,2027-10-19
4999,383.0471476611243,2027-09-24
5000,395.397134208937,2027-10-12
